country,country_name,year,gdp_growth,inflation,trade_openness,investment,fuel_exports_pct,food_exports_pct,exports_gdp,imports_gdp,cdi_raw,cdi_smooth,gdp_volatility,log_gdp_volatility,cdi_smooth_lag1,inflation_lag1,trade_openness_lag1,investment_lag1
EGY,"Egypt, Arab Rep.",2002,2.39020402573726,,40.9870678279229,17.9994721562418,33.5758472614446,8.75393398758621,18.3161784111903,22.6708894167326,42.32978124903081,47.566356161370344,2.04881101170454,0.7221286373854907,50.18464361754011,,39.8104265402844,18.2603847226094
EGY,"Egypt, Arab Rep.",2003,3.19345473739745,,46.1796407185629,16.8862275449102,43.0771531636003,8.50181117314725,21.7964071856287,24.3832335329341,51.578964336747546,48.122731087397845,1.7329709692691369,0.555591110787667,47.566356161370344,,40.9870678279229,17.9994721562418
EGY,"Egypt, Arab Rep.",2004,4.0920716112534,,57.8199052132701,16.9379765093756,43.1044662663056,9.76909693083327,28.2299608489594,29.5899443643107,52.87356319713887,48.92743626097241,1.5040137870032773,0.4147642613167782,48.122731087397845,,46.1796407185629,16.8862275449102
EGY,"Egypt, Arab Rep.",2005,4.47174447174434,,62.9526462395543,17.9758588672238,51.2725247920002,8.75229081898031,30.3435468895079,32.6090993500464,60.02481561098051,54.825781048288974,0.8085508792345271,-0.20021972254574724,48.92743626097241,,57.8199052132701,16.9379765093756
EGY,"Egypt, Arab Rep.",2006,6.84383819379117,,61.5185365063947,18.7307754573418,55.4576130325556,6.52907405268721,29.9498138254816,31.5687226809131,61.98668708524281,58.295021964454065,1.6855157765087951,0.527986987470254,54.825781048288974,,62.9526462395543,17.9758588672238
EGY,"Egypt, Arab Rep.",2007,7.08782742681038,,65.077873254565,20.8512352309345,52.2178046042278,7.87671053239923,30.249731471536,34.828141783029,60.09451513662703,60.70200594428345,1.7342743160421934,0.5563386044264041,58.295021964454065,,61.5185365063947,18.7307754573418
EGY,"Egypt, Arab Rep.",2008,7.15628356605819,,71.6806253489671,22.3897264098269,43.9609378227177,10.8782251595684,33.0429927414852,38.6376326074819,54.839162982286105,58.973455068051976,1.5152495919570255,0.422158063524482,60.70200594428345,,65.077873254565,20.8512352309345
EGY,"Egypt, Arab Rep.",2009,4.67359979952391,,56.5534446363462,19.1901746305891,28.5311081758902,16.6472153407176,24.9568221070812,31.596622529265,45.17832351660781,53.37066721184032,1.3524459672129685,0.3092815896774996,58.973455068051976,,71.6806253489671,22.3897264098269
EGY,"Egypt, Arab Rep.",2010,5.1472348575531,,47.9363500745898,19.5010774075916,28.675015261694,16.5421170639327,21.3492458146859,26.5871042599039,45.2171323256267,48.41153960817354,1.178324165714384,0.17254405048203827,53.37066721184032,,56.5534446363462,19.1901746305891
EGY,"Egypt, Arab Rep.",2011,1.7645719489982,10.0649259874818,45.2556341623514,17.1030559404857,29.2504485443273,14.2059161149141,20.5674276128656,24.6882065494858,43.4563646592414,44.61727350049197,2.2060809232302434,0.7957402859214606,48.41153960817354,,47.9363500745898,19.5010774075916
EGY,"Egypt, Arab Rep.",2012,2.22619979863525,7.11172943343081,40.7117692721084,16.0267510598913,30.1290625343441,13.7284234120118,16.3969666208873,24.3148026512211,43.8574859463559,44.176994310408,2.218566766188081,0.8013586731028977,44.61727350049197,10.0649259874818,45.2556341623514,17.1030559404857
EGY,"Egypt, Arab Rep.",2013,2.18546605362143,9.46971981064917,40.373038056332,14.2119974199097,26.0844601901547,15.8995103581985,17.0178456245969,23.3551924317351,41.9839705483532,43.0992737179835,1.581236691300675,0.46451150717857265,44.176994310408,7.11172943343081,40.7117692721084,16.0267510598913
EGY,"Egypt, Arab Rep.",2014,2.91591187985748,10.0702154687481,36.9201877934272,13.6431924882629,23.3551757931695,16.7526279497439,14.2441314553991,22.6760563380282,40.10780374291341,41.98308674587417,1.350045919596184,0.30751846358691465,43.0992737179835,9.46971981064917,40.373038056332,14.2119974199097
EGY,"Egypt, Arab Rep.",2015,4.37201907790141,10.370490343517,34.8459429600229,14.2886370146078,17.8713832773737,20.6105437069273,13.1838454928598,21.6620974671631,38.481926984301,40.191233758522536,1.0254592157362903,0.03484501501922223,41.98308674587417,10.0702154687481,36.9201877934272,13.6431924882629
EGY,"Egypt, Arab Rep.",2016,4.34664345555447,13.813606214829,30.2465490514505,15.0402303092936,13.7657934284608,20.2488016475217,10.3454639403558,19.9010851110947,34.0145950759825,37.5347752677323,1.0892961398579102,0.09467010214187217,40.191233758522536,10.370490343517,34.8459429600229,14.2886370146078
EGY,"Egypt, Arab Rep.",2017,4.18122099994778,29.5066083940039,42.8321343581608,18.734101042151,19.3528393471568,17.6054751585578,15.0140868185672,27.8180475395935,36.9583145057146,36.484945521999364,0.995011341702203,0.004998826723184563,37.5347752677323,13.813606214829,30.2465490514505,15.0402303092936
EGY,"Egypt, Arab Rep.",2018,5.3311086189448,14.4014657807422,45.9110196733959,20.6249196348206,24.5436332078061,15.8084970389487,17.984655608418,27.9263640649779,40.3521302467548,37.10834660948397,0.862470342427589,-0.1364266169702825,36.484945521999364,29.5066083940039,42.8321343581608,18.734101042151
EGY,"Egypt, Arab Rep.",2019,5.55209307156956,9.15279959324804,41.1240171551108,20.6540385989993,26.465801966271,16.5182750930815,16.6440314510365,24.4799857040743,42.9840770593525,40.09817393727396,0.6344086274597419,-0.43942223940807523,37.10834660948397,14.4014657807422,45.9110196733959,20.6249196348206
EGY,"Egypt, Arab Rep.",2020,3.55016483786838,5.04493288977539,32.1262555667523,18.8180606572831,20.6229583667758,17.5280699534313,12.4727757370868,19.6534798296655,38.151028320207104,40.49574520877147,0.8340293279390809,-0.16956803624691666,40.09817393727396,9.15279959324804,41.1240171551108,20.6540385989993
EGY,"Egypt, Arab Rep.",2021,3.29064601202211,5.21404940513041,29.8569734808122,18.2122435502994,31.6971100561669,14.1150202621231,10.5611502153652,19.295823265447,45.81213031829,42.315745232616536,1.023869607635492,0.03330866333309349,40.49574520877147,5.04493288977539,32.1262555667523,18.8180606572831
EGY,"Egypt, Arab Rep.",2022,6.58784560886967,13.8956609775178,36.9831048772713,19.8559132929551,35.9532117277136,13.6883878066692,15.0870258208479,21.8960790564233,49.6415995343828,44.53491939095997,1.4022213241003076,0.3451638719013509,42.315745232616536,5.21404940513041,29.8569734808122,18.2122435502994
EGY,"Egypt, Arab Rep.",2023,3.76028052279247,33.8847763115546,40.4504007720031,16.4907339937373,18.1531616111814,19.8805835620573,19.1060913405676,21.3443094314355,38.0337451732387,44.49582500863716,1.4462268864911219,0.37584876626848607,44.53491939095997,13.8956609775178,36.9831048772713,19.8559132929551
GHA,Ghana,2002,4.49999955900331,9.36093239560312,97.4892431746551,19.7,,,42.6162518930867,54.8729912815685,0.0,25.43042991609724,0.4041449044094113,-0.8815393557455093,38.14564487414586,41.509496287803,110.045854160811,26.5994216024397
GHA,Ghana,2003,5.200000133101,29.7729797160384,97.2871457139532,22.9369279766376,0.0481803318787904,40.1737817595415,40.67904265112,56.6081030628332,40.22196209142029,27.15746751515339,0.65574382655124,-0.406850327254499,25.43042991609724,9.36093239560312,97.4892431746551,19.7
GHA,Ghana,2004,5.59999999077445,18.0427388232565,99.6703343472122,28.3775066840527,2.25891488923827,52.0139106724686,39.3033251214107,60.3670092258015,54.27282556170687,31.498262551042387,0.7968688613591477,-0.21459412533066907,27.15746751515339,29.7729797160384,97.2871457139532,22.9369279766376
GHA,Ghana,2005,5.90000381855104,15.4389920155908,98.1715141146279,29.0021406363098,2.42026667222042,37.1333356601733,36.449216950714,61.7222971639139,39.55360233239372,44.68279666184029,0.7829442524936523,-0.23200235932200602,31.498262551042387,18.0427388232565,99.6703343472122,28.3775066840527
GHA,Ghana,2006,6.39991260618034,11.6791839392492,64.5190542439152,22.46580573765,0.449413904187484,41.9422251952546,24.6561904908957,39.8628637530195,42.39163909944209,45.406022331180885,0.7190010271539241,-0.31608013798417783,44.68279666184029,15.4389920155908,98.1715141146279,29.0021406363098
GHA,Ghana,2007,4.34681910440079,10.7342665456292,65.3543222852532,15.3845449877747,0.758742699996961,36.7226272774691,24.5250906044049,40.8292316808483,37.48136997746606,39.80887046976729,0.7744521340526639,-0.24276972326240365,45.406022331180885,11.6791839392492,64.5190542439152,22.46580573765
GHA,Ghana,2008,9.14979893831817,16.494639613412,69.5142256111434,16.4919639408033,1.32905143391096,34.91508423828,25.0294572995074,44.4847683116359,36.24413567219096,38.70571491636637,1.774408920110398,0.5790872232005215,39.80887046976729,10.7342665456292,65.3543222852532,15.3845449877747
GHA,Ghana,2009,4.84448705175076,19.2469482220857,71.5947385281523,16.4317931081367,1.75329081764514,25.5868406468772,29.2918659785048,42.3028725496475,27.34013146452234,33.68854570472645,1.8759796247725262,0.634447380744916,38.70571491636637,16.494639613412,69.5142256111434,16.4919639408033
GHA,Ghana,2010,7.89971194051621,10.7333898354915,75.3778157916824,13.1001937072805,0.114294159518324,21.6255977564054,29.4767179831573,45.901097808525,21.739891915923724,28.441386350879004,2.0225970644786813,0.7093143175006106,33.68854570472645,19.2469482220857,71.5947385281523,16.4317931081367
GHA,Ghana,2011,14.0471235803149,8.72845937093023,86.2954538549695,12.8099929663177,40.4219396496718,20.2034171647217,36.9366085502594,49.3588453047101,60.6253568143935,36.56846006494652,3.911080718675619,1.3663673093455895,28.441386350879004,10.7333898354915,75.3778157916824,13.1001937072805
GHA,Ghana,2012,9.2927894063005,11.1863409441067,93.1680351286831,16.967722122965,28.9638835969169,16.6766837990233,40.3592181740371,52.808816954646,45.6405673959402,42.66860537541914,3.318493657022954,1.20251984640049,36.56846006494652,8.72845937093023,86.2954538549695,12.8099929663177
GHA,Ghana,2013,7.31252501678145,11.6661923071728,60.7593219028775,24.7715380530843,24.7444175029272,18.3996438124137,25.4407833967285,35.318538506149,43.1440613153409,49.803328508558195,3.4048318968260327,1.2281282668700337,42.66860537541914,11.1863409441067,93.1680351286831,16.967722122965
GHA,Ghana,2014,2.85624016330883,15.4896160333319,63.8365624430783,27.1650663374465,29.7421554112913,26.9518407983255,28.2319021605976,35.6046602824807,56.6939962096168,48.49287497363264,4.024401828557964,1.3948580450218888,49.803328508558195,11.6661923071728,60.7593219028775,24.7715380530843
GHA,Ghana,2015,2.12075933817334,17.1499695007878,76.5212709243242,27.7096411705743,21.7019621780148,34.7618505812009,33.8317048233696,42.6895661009546,56.4638127592157,52.100623428057794,4.89681025285022,1.590624087692949,48.49287497363264,15.4896160333319,63.8365624430783,27.1650663374465
GHA,Ghana,2016,3.37346574966936,17.4546347070868,67.8769994445865,25.4556554537134,12.9823297234949,29.9767509831834,31.193239148362,36.6837602962245,42.9590807066783,52.03896322517027,3.134755510652645,1.1457361480694042,52.100623428057794,17.1499695007878,76.5212709243242,27.7096411705743
GHA,Ghana,2017,8.12889488100956,12.3719215507049,70.5483652904116,19.5655199555214,25.3456087168229,23.8521143659684,33.8768747799681,36.6714905104435,49.1977230827913,49.54020551622843,2.7557754591314034,1.0173210510361017,52.03896322517027,17.4546347070868,67.8769994445865,25.4556554537134
GHA,Ghana,2018,6.20007768127284,7.80876516610703,67.9585174644902,21.7093349999065,30.6056138754779,26.0573693808911,33.4548954489265,34.5036220155637,56.662983256369,49.6065956819462,2.5339946003680534,0.9337355229787887,49.54020551622843,12.3719215507049,70.5483652904116,19.5655199555214
GHA,Ghana,2019,6.5077747939152,7.14364003330856,76.824802732152,18.6472756161472,31.7022617995334,21.9804916262231,37.4495998625311,39.3752028696209,53.6827534257565,53.181153254972266,2.4538183191466523,0.90171230884022,49.6065956819462,7.80876516610703,67.9585174644902,21.7093349999065
GHA,Ghana,2020,0.513941670628171,9.88728956269943,66.5754987162431,18.2236669857819,,,31.5254204867115,35.0500782295317,0.0,36.781912227375166,3.0107585975639917,1.1055079910898942,53.181153254972266,7.14364003330856,76.824802732152,18.6472756161472
GHA,Ghana,2021,5.07646643533542,9.97108867504442,62.7078309128346,17.0366779158262,26.6641837008799,25.3242442958514,30.0551194696231,32.6527114432115,51.9884279967313,35.22372714082927,2.882133166349493,1.0619943496919773,36.781912227375166,9.88728956269943,66.5754987162431,18.2236669857819
GHA,Ghana,2022,3.80484980952164,31.2558951049016,70.1154557958907,15.799843045792,31.0014653616144,20.9793799804482,34.6640435533587,35.451412242532,51.9808453420626,34.65642444626463,2.4286893490414694,0.8914607429550901,35.22372714082927,9.97108867504442,62.7078309128346,17.0366779158262
GHA,Ghana,2023,3.14009099763754,38.1069656296501,64.3878615281647,9.8998610781632,24.5298166225955,18.0590476821292,31.7708164934404,32.6170450347243,42.5888643047247,48.85271254783953,2.246926885791127,0.8140041028893884,34.65642444626463,31.2558951049016,70.1154557958907,15.799843045792
KEN,Kenya,2002,0.546859530175595,,55.1726722640053,15.1382158893462,16.6165342326688,31.6511969657365,24.8979726147002,30.2746996493051,48.2677311984053,58.32964942557123,1.851536614546639,0.621402283514922,63.3606085391542,,55.9468360286644,18.790340524259
KEN,Kenya,2003,2.93247554570904,,54.132265895729,16.4821493891933,19.1551044918056,42.4398112420861,24.086815305421,30.045450590308,61.594915733891696,56.497556116969236,1.6436821786651072,0.5030044249727254,58.32964942557123,,55.1726722640053,15.1382158893462
KEN,Kenya,2004,5.10429977629738,,59.4770033484289,16.962495556485,0.901139664414074,51.8856689144605,26.6102585752973,32.8667447731316,52.78680857887458,54.216485170390534,1.9994105827039936,0.6978414366311899,56.497556116969236,,54.132265895729,16.4821493891933
KEN,Kenya,2005,5.90666607980057,,64.4788661639796,17.6496847904784,18.3199226649607,37.6442282456954,28.5090302142012,35.9698359497784,55.9641509106561,56.78195840780746,2.0837853646185738,0.7389736070126903,54.216485170390534,,59.4770033484289,16.962495556485
KEN,Kenya,2006,6.47249430015484,,55.2364851257303,18.633585404403,7.27291530118403,42.5796593804197,22.9849396441861,32.2515454815442,49.85257468160373,52.86784472371147,2.441642594296599,0.8967582465593567,56.78195840780746,,64.4788661639796,17.6496847904784
KEN,Kenya,2007,6.85072976998784,,53.8947888046059,20.4569783889085,4.26371122113361,42.7506677716821,21.9189912933699,31.975797511236,47.014378992815715,50.94370152835851,1.5551097120339865,0.4479559250710721,52.86784472371147,,55.2364851257303,18.633585404403
KEN,Kenya,2008,0.232282744812977,,57.5785986473131,19.6127114227698,2.09821677072516,44.1453279391528,22.6740575532267,34.9045410940864,46.24354470987796,47.703499461432465,2.698142907887004,0.9962631261417325,50.94370152835851,,53.8947888046059,20.4569783889085
KEN,Kenya,2009,3.30693981631089,,45.9451918127805,19.0191724248254,4.20130504014462,43.7216723255365,18.7749454916013,27.1702463211792,47.92297736568112,47.060300356124934,2.7846764855897397,1.0277163523549315,47.703499461432465,,57.5785986473131,19.6127114227698
KEN,Kenya,2010,8.05847360290906,,50.3942873502834,21.2639987992095,4.19535073962597,46.8891665026198,20.1243596478793,30.2699277024041,51.084517242245774,48.41701310593495,3.183709739216508,1.1611831687742578,47.060300356124934,,45.9451918127805,19.0191724248254
KEN,Kenya,2011,5.1211061197056,14.0224913014704,58.4022059745625,21.8858122759467,,,21.5494770708279,36.8527289037346,0.0,33.0024982026423,3.0814956212600375,1.1286549936350976,48.41701310593495,,50.3942873502834,21.2639987992095
KEN,Kenya,2012,4.56867961444982,9.37777003547595,51.6236920232481,22.1933629258823,,,19.8649477228834,31.7587443003647,0.0,17.028172414081926,2.8458736455901583,1.0493778017585025,33.0024982026423,14.0224913014704,58.4022059745625,21.8858122759467
KEN,Kenya,2013,3.7978483925754,5.71749357037735,47.4646425127304,22.4049681039862,0.93827196300241,45.4833364112751,17.7921805531655,29.6724619595649,46.421608374277504,15.473869458092501,1.8616032750689364,0.6267954298849353,17.028172414081926,9.37777003547595,51.6236920232481,22.1933629258823
KEN,Kenya,2014,5.02011100232484,6.87815499275944,46.170489362216,24.9507189987733,,,16.4728044658123,29.6976848964037,0.0,15.473869458092501,1.6209510682998305,0.48916332214642727,15.473869458092501,5.71749357037735,47.4646425127304,22.4049681039862
KEN,Kenya,2015,4.96772112759767,6.58215429284783,40.3273846919019,22.1033982020293,10.4002054705089,43.4873140804759,15.1287339034504,25.1986507884515,53.8875195509848,33.43637597508744,0.5437090687013595,-0.5911158769211493,15.473869458092501,6.87815499275944,46.170489362216,24.9507189987733
KEN,Kenya,2016,4.21351706814744,6.29724953814624,34.8650195731824,19.3484358309332,7.46355756592411,44.861667085692,13.2497448006759,21.6152747725065,52.32522465161611,35.404248067533636,0.5167599259905504,-0.6410103826395003,33.43637597508744,6.58215429284783,40.3273846919019,22.1033982020293
KEN,Kenya,2017,3.83795817364721,8.00564967709946,35.9950578754074,20.6634949022773,1.00602573407941,51.3087979360635,12.7366599413725,23.2583979340349,52.31482367014291,52.84252262424794,0.5947257228485225,-0.5029802744093759,35.404248067533636,6.29724953814624,34.8650195731824,19.3484358309332
KEN,Kenya,2018,5.64794640709219,4.68980646776328,34.4147531767425,19.3759862497025,0.834754874486309,51.2184018611817,12.541975333359,21.8727778433835,52.053156735668,52.23106835247567,0.7151078597876697,-0.3214348630720131,52.84252262424794,8.00564967709946,35.9950578754074,20.6634949022773
KEN,Kenya,2019,5.11415885767801,5.23963795764789,31.759461841481,19.3418324204191,7.73708033046599,43.7223572503984,11.4279956869332,20.3314661545478,51.4594375808644,51.9424726622251,0.7255618829161509,-0.30712060527243407,52.23106835247567,4.68980646776328,34.4147531767425,19.3759862497025
KEN,Kenya,2020,-0.272766327438816,5.40516207933395,27.2378155252369,19.6515841707054,6.74832493327525,48.2167381219354,9.64186888186451,17.5959466433724,54.96506305521065,52.82588579058102,2.337713190791137,0.8534417440752096,51.9424726622251,5.23963795764789,31.759461841481,19.3418324204191
KEN,Kenya,2021,7.59048947333467,6.10793603659178,30.8243031771262,20.3912447822361,0.924149796237318,47.5153219865695,10.7695743362259,20.0547288409003,48.43947178280681,51.62132413962729,2.9324009166852445,1.079225886411252,52.82588579058102,5.40516207933395,27.2378155252369,19.6515841707054
KEN,Kenya,2022,4.85998104287999,7.65986268272222,33.6911387270322,19.0540638513609,1.37369379382007,48.7182042771137,12.1919692160845,21.4991695109477,50.091898070933766,51.16547763631707,2.920457821014271,1.0751586637286565,51.62132413962729,6.10793603659178,30.8243031771262,20.3912447822361
KEN,Kenya,2023,5.55587301319866,7.67139634029401,32.0920792814469,16.3568914711063,1.8648287478394,48.9805623380495,11.6861054407608,20.405973840686,50.8453910858889,49.792253646543166,2.912382392534856,1.072399171479025,51.16547763631707,7.65986268272222,33.6911387270322,19.0540638513609
NGA,Nigeria,2002,15.3291557409559,,,,94.0374634853667,0.638004455168853,,,94.67546794053555,98.0403842943215,5.711851246765163,1.7442923975694742,99.72284247121448,,,
NGA,Nigeria,2003,7.34719496799485,,,,97.8966781049368,0.0235768454976624,,,97.92025495043444,97.42262634076228,4.7164732559071245,1.5531793125381121,98.0403842943215,,,
NGA,Nigeria,2004,9.25055822917993,,,,,,,,0.0,64.19857429699,4.102155904704912,1.41394744200244,97.42262634076228,,,
NGA,Nigeria,2005,6.43851652538319,,,,,,,,0.0,32.64008498347815,3.834443753130903,1.3466289249060015,64.19857429699,,,
NGA,Nigeria,2006,6.05942803202912,8.22522152017049,,,98.238856362994,0.0553814671556319,,,98.29423783014964,32.76474594338321,3.807714494369938,1.3396519436625174,32.64008498347815,,,
NGA,Nigeria,2007,6.59113036068734,5.38800796858628,,,93.6663052169763,1.62311739476741,,,95.2894226117437,64.52788681396446,1.270661620760641,0.24737683560852616,32.76474594338321,8.22522152017049,,
NGA,Nigeria,2008,6.7644727778017,11.5810751748252,,,91.7432857907592,1.28814647847302,,,93.03143226923224,95.53836423704188,1.2733255188433377,0.2494547704000602,64.52788681396446,5.38800796858628,,
NGA,Nigeria,2009,8.03692510099067,12.5378277304689,,,90.3621937439891,4.53389490347236,,,94.89608864746144,94.40564784281246,0.7502650058022361,-0.27408821463558586,95.53836423704188,11.5810751748252,,
NGA,Nigeria,2010,8.00565591628646,13.7400521363694,,,87.1326358652018,3.33906629437515,,,90.47170215957696,92.79974102542354,0.8876934698170685,-0.10792661659476774,94.40564784281246,12.5378277304689,,
NGA,Nigeria,2011,5.30792420289512,10.8261371880017,,,89.1265273360995,1.79587451233779,,,90.92240184843727,92.09673088515855,1.135236867921512,0.13561148715840707,92.79974102542354,13.7400521363694,,
NGA,Nigeria,2012,4.23006117493168,12.2242413020584,,,84.0389730913749,5.35439486328271,,,89.3933679546576,90.26249065422394,1.6783882714162728,0.5237743883350765,92.09673088515855,10.8261371880017,,
NGA,Nigeria,2013,6.67133539306172,8.49551838265672,,,87.6233751860233,5.05133324653287,,,92.67470843255616,90.99682607855034,1.674802283276444,0.521648217617717,90.26249065422394,12.2242413020584,,
NGA,Nigeria,2014,6.30971865525467,8.04741087967908,,,90.854209832539,1.87245748179785,,,92.72666731433684,91.59824790051687,1.4252950416382333,0.36137043200707575,90.99682607855034,8.49551838265672,,
NGA,Nigeria,2015,2.65269329543003,9.00943498007703,,,87.8732996915055,2.89424937434388,,,90.76754906584938,92.05630827091413,1.635565529173814,0.49808411186801904,91.59824790051687,8.04741087967908,,
NGA,Nigeria,2016,-1.61686894906529,15.6968126387972,,,96.4782414446309,1.96527519219149,,,98.44351663682238,93.97924433900288,3.3642818388737084,1.2161825131999477,92.05630827091413,9.00943498007703,,
NGA,Nigeria,2017,0.80588661910221,16.5022662139641,,,96.031736150959,1.83075823902758,,,97.86249438998658,95.69118669755278,3.5593852371349857,1.2723933784798003,93.97924433900288,15.6968126387972,,
NGA,Nigeria,2018,1.92275734200651,12.0951065173432,,,94.1137913236198,1.98272701241802,,,96.09651833603782,97.46750978761558,2.8944860024548182,1.066256439177284,95.69118669755278,16.5022662139641,,
NGA,Nigeria,2019,2.20842927714881,11.3964223378115,,,87.0392917835315,1.79787182025265,,,88.83716360378415,94.26539210993617,1.7131516802409603,0.5441549863124473,97.46750978761558,12.0951065173432,,
NGA,Nigeria,2020,-1.79425308274458,13.2460234276598,,,88.7002181697857,2.98272065808431,,,91.68293882787,92.20554025589733,1.9099419374521711,0.6522949446720971,94.26539210993617,11.3964223378115,,
NGA,Nigeria,2021,3.64718654072446,16.9528457221608,,,89.147069602161,3.2800855609367,,,92.4271551630977,90.98241919825061,2.0324913598860874,0.7141703175771433,92.20554025589733,13.2460234276598,,
NGA,Nigeria,2022,3.25168140827093,18.8471877843274,,,90.7270761068365,2.753877323408,,,93.48095343024453,92.53034914040408,2.1569014593576687,0.7732982482197118,90.98241919825061,16.9528457221608,,
NGA,Nigeria,2023,2.86021499108364,24.6595502031139,,,91.6092141524306,3.78331365664372,,,95.39252780907432,93.76687880080551,2.2053171627111374,0.7953955818294985,92.53034914040408,18.8471877843274,,
ZAF,South Africa,2002,3.70037440406668,9.494713780996,53.4655016294369,15.036119660525,12.0727131541814,10.6178049019352,28.4311672176802,25.0343344117566,22.6905180561166,20.68364163135732,0.7638034963458294,-0.25643731831571087,19.680203418977683,5.70189483049609,49.170945185829,14.5737803066035
ZAF,South Africa,2003,2.94907546754213,5.679424140688,45.723862568979,15.6571145272722,9.8173484464874,9.88110234922858,23.9152733614034,21.8085892075755,19.69845079571598,21.04373420816138,0.6886989880831835,-0.3585352617099053,20.68364163135732,9.494713780996,53.4655016294369,15.036119660525
ZAF,South Africa,2004,4.55455990721774,-0.692039437857689,45.6435752240041,16.9603513170499,9.10044404774694,8.71929341977066,22.7575187856654,22.8860564383387,17.819737467517598,20.069568773116725,0.7925904960997109,-0.21991066261027167,21.04373420816138,5.679424140688,45.723862568979,15.6571145272722
ZAF,South Africa,2005,5.27705197295467,2.06285308223427,47.4277813970329,16.8318153447643,10.3556169994696,8.49176860148819,23.5997644915436,23.8280169054893,18.84738560095779,18.788524621397126,1.0826454095949076,0.088601737158227,20.069568773116725,-0.692039437857689,45.6435752240041,16.9603513170499
ZAF,South Africa,2006,5.60380645895889,3.24390765419229,53.7681412741145,18.4902026867601,9.50001852429468,7.09889941759981,26.098249881712,27.6698913924026,16.59891794189449,17.755347003456624,1.0994858309169195,0.10389669261668937,18.788524621397126,2.06285308223427,47.4277813970329,16.8318153447643
ZAF,South Africa,2007,5.36047405394162,6.17781214809388,57.125139137747,19.3259650755187,10.5565719826577,6.58148755599139,27.958964394702,29.166174743045,17.138059538649088,17.52812102716712,1.079463843660503,0.08568568867518045,17.755347003456624,3.24390765419229,53.7681412741145,18.4902026867601
ZAF,South Africa,2008,3.1910438863288,9.90998456005467,65.9745237996233,21.2872491181391,9.62652463034354,7.33952536602517,32.2546736710677,33.7198501285556,16.96604999636871,16.901009158970762,0.9793825932968502,-0.010674173534264971,17.52812102716712,6.17781214809388,57.125139137747,19.3259650755187
ZAF,South Africa,2009,-1.53808913525583,7.23809523809527,49.5875353278801,18.7669441984248,11.1812947177261,10.1489122953572,24.9827464883237,24.6047888395564,21.3302070130833,18.4781055160337,3.0204297114254266,1.1087044284182068,16.901009158970762,9.90998456005467,65.9745237996233,21.2872491181391
ZAF,South Africa,2010,3.03973288127956,4.06749555950264,50.4060871625999,17.5956446037105,10.7102338605923,9.9634320083852,25.7834176267221,24.6226695358778,20.6736658689775,19.6566409594765,2.8678238210426015,1.0570343908313737,18.4781055160337,7.23809523809527,49.5875353278801,18.7669441984248
ZAF,South Africa,2011,3.16855627858818,5.00085338795019,54.6363504358971,18.8532376550132,10.535512006307,8.34447855065674,27.6981484703752,26.9382019655219,18.87999055696374,20.294621146341516,2.529828109130342,0.9320964051697541,19.6566409594765,4.06749555950264,50.4060871625999,17.5956446037105
ZAF,South Africa,2012,2.39623238465745,5.73797139141737,55.5826171933345,18.5845354435045,11.4220012610139,8.85234133331302,27.1391491937679,28.4434679995666,20.27434259432692,19.94266634008939,2.0326688000576123,0.7142571881842624,20.294621146341516,5.00085338795019,54.6363504358971,18.8532376550132
ZAF,South Africa,2013,2.48546800826588,5.78016910069177,58.875027630051,19.1687625943111,10.704185952183,9.8201160727457,28.379280320361,30.4957473096901,20.5243020249287,19.89287839207312,1.9568574048839773,0.676437043074997,19.94266634008939,5.73797139141737,55.5826171933345,18.5845354435045
ZAF,South Africa,2014,1.41382645223793,6.13282953059149,59.4995740550593,18.4879638168327,10.1834786043196,10.2716537401097,29.0006193033471,30.4989547517121,20.455132344429305,20.417925654561643,0.694447269602018,-0.35034179841907603,19.89287839207312,5.78016910069177,58.875027630051,19.1687625943111
ZAF,South Africa,2015,1.32186223678229,4.5186909489251,56.7266761447156,18.6332066638376,9.75395048126192,10.6741823466393,27.7136384124829,29.0130377322327,20.428132827901223,20.469189065753074,0.7807258318350969,-0.23480398086118268,20.417925654561643,6.13282953059149,59.4995740550593,18.4879638168327
ZAF,South Africa,2016,0.664552307858116,6.60290842394869,55.8612575048782,16.9604522948246,9.83410485960525,11.1621285328149,28.1560881698955,27.7051693349827,20.99623339242015,20.626499521583558,0.7728559058017515,-0.2448066282768821,20.469189065753074,4.5186909489251,56.7266761447156,18.6332066638376
ZAF,South Africa,2017,1.15794695181735,5.18618655524146,53.5359318293741,16.6107340612402,12.0071561154403,10.896464687171,27.3400757812216,26.1958560481525,22.9036208026113,21.44266234097756,0.6677629248630278,-0.38895772053358835,20.626499521583558,6.60290842394869,55.8612575048782,16.9604522948246
ZAF,South Africa,2018,1.55678384721676,4.50987264867393,54.4855451276341,16.1705829786619,10.9922042428029,11.1095317645991,27.4970371508423,26.9885079767917,22.101736007402,22.000530067477815,0.3441278313270559,-1.0380973255875812,21.44266234097756,5.18618655524146,53.5359318293741,16.6107340612402
ZAF,South Africa,2019,0.25993557687633,4.1028507546115,53.8979964081406,15.8207933783179,10.050875262098,10.9754562147879,27.2021294051151,26.6958670030255,21.0263314768859,22.01056276229973,0.524039205872041,-0.6272860234809705,22.000530067477815,4.50987264867393,54.4855451276341,16.1705829786619
ZAF,South Africa,2020,-6.1689177146757,3.23238831615119,50.7596590804177,12.3455441478462,8.10609432073402,11.8465597035344,27.5759141603963,23.1837449200214,19.95265402426842,21.026907169518775,3.2034857459191537,1.167356250132157,22.01056276229973,4.1028507546115,53.8979964081406,15.8207933783179
ZAF,South Africa,2021,4.95503259440756,4.61874544887136,56.0347138372399,12.7964275954655,8.68304384294431,9.65735993643473,31.1035988061883,24.9311150310516,18.34040377937904,19.77312976017779,4.056470363824344,1.4027753907152747,21.026907169518775,3.23238831615119,50.7596590804177,12.3455441478462
ZAF,South Africa,2022,1.91147996033504,7.03987272546481,64.7830021330108,15.415075319943,14.3272920099043,10.3922243694966,33.3714495540545,31.4115525789563,24.7195163794009,21.00419139434945,4.107567304017451,1.4152625287812275,19.77312976017779,4.61874544887136,56.0347138372399,12.7964275954655
ZAF,South Africa,2023,0.698485193724835,6.07524384579656,65.1800955490051,15.5380933764905,10.7279305896972,11.6716750751014,32.7545268675424,32.4255686814627,22.3996056647986,21.81984194119285,4.070277016072339,1.4061648822073962,21.00419139434945,7.03987272546481,64.7830021330108,15.415075319943
