country,year,inflation,openness,investment,gdp_growth
AGO,2000,,,,3.05462423430785
AGO,2001,,,,4.2059985561951
AGO,2002,,105.301742600149,30.4931731253335,13.6656887608562
AGO,2003,98.2241436573304,103.901229551372,30.4511114121029,2.99000000000001
AGO,2004,43.5421067519687,103.579947051466,30.8936755014177,10.9500000059465
AGO,2005,22.953513851394,106.590962129525,27.5565797901657,15.0299999905513
AGO,2006,13.3052101780032,94.6251593320477,23.3007709224417,11.549999997879
AGO,2007,12.2514974459487,108.060067893978,25.730579355956,14.0100000086059
AGO,2008,12.4758291326398,121.364708453698,30.804053314644,11.1699999942146
AGO,2009,13.7302839288409,122.446144139295,42.8208531628244,0.860000002152788
AGO,2010,14.4696564932577,104.123635308845,28.1973176920118,4.39837593810763
AGO,2011,13.4824679218511,99.9825063313368,26.4243531675539,3.47205314798103
AGO,2012,10.2779049218839,91.8000973419114,26.6675773725046,8.54210707584141
AGO,2013,8.77781429332625,86.8119327587926,26.1429704757952,4.95461303112738
AGO,2014,7.2803873036112,79.3329227828897,27.5004591988793,4.82255926962156
AGO,2015,9.35597215533781,62.8885160890192,34.2024908297612,0.943571561325001
AGO,2016,30.6944150806719,53.3701580675988,27.2147092687935,-2.58004964404932
AGO,2017,29.8444799015679,52.2568222278462,24.1303058646463,-0.147212941085755
AGO,2018,19.6289379701521,66.3780133263399,17.8694205677582,-1.31636168896895
AGO,2019,17.080954143438,57.8295381183036,17.7122552404386,-0.702272957616017
AGO,2020,22.271539247051,65.9420289329872,26.4904004984611,-5.63821471714934
AGO,2021,25.7542948841891,74.4644985871074,26.4373618826197,1.19921052145153
AGO,2022,21.3552901320822,69.6910705054094,26.256018224438,3.04472652391918
AGO,2023,13.6441017767715,67.00179327992,23.7790911131562,1.07809951970673
BDI,2000,24.4320242102151,22.5537244890286,2.78113770989619,-0.856864058424151
BDI,2001,9.29618771341889,20.9640456147222,4.46825856260011,2.05580710835243
BDI,2002,-1.3656800532806,21.6738294069666,3.94866019879363,4.44651941224797
BDI,2003,10.6474645658306,27.3763120796107,7.86879003706402,-1.22372796023444
BDI,2004,8.17642937482054,31.5761181816532,10.3470971301176,4.83365776809453
BDI,2005,13.2520699188224,35.0999988412936,18.2,0.900000000901912
BDI,2006,2.74542000214241,42.4,18.5129857241011,5.41380714491444
BDI,2007,8.41206285772544,38.7999987731993,15.1864583013854,3.45194856381943
BDI,2008,24.4069510353914,47.1999995814015,13.4089586890331,4.86171636712641
BDI,2009,10.5554355299529,35.8000035591914,18.9748730212835,3.81274536633418
BDI,2010,6.49326591473995,39.5000053977394,17.1603824318375,5.12415999439806
BDI,2011,9.59216605979671,43.0000028373483,16.3457475597031,4.03259998844415
BDI,2012,18.1610453065451,43.7053731916201,16.3381446870308,4.44670633111495
BDI,2013,7.93795807492418,46.6040790867655,14.6326385171192,4.92418989834684
BDI,2014,4.40535234185288,42.995025805263,14.2030571572419,4.24065021402657
BDI,2015,5.54468891259784,22.8382834157721,12.1634582505496,-3.9000000804855
BDI,2016,5.55768961400966,23.0437252570449,9.23740996969432,-0.600000909116389
BDI,2017,16.0525353030392,22.2402931011977,8.80601560454674,0.500001262429279
BDI,2018,-2.81469807668464,26.5997024647774,11.1034585930148,1.60993542127714
BDI,2019,-0.686772170797372,29.0262099997889,14.1287000005288,1.81256532401552
BDI,2020,7.32110643415518,26.773329999595,11.4459869190333,0.327156892638385
BDI,2021,8.40453845076341,28.8186599995439,13.1126199999271,3.09999999870627
BDI,2022,18.8008786664945,28.315320358729,13.3868808148699,1.84899943948213
BDI,2023,26.9414835762453,29.7369723066251,13.0504574343386,2.66553960418187
BEN,2000,,47.3481515012844,16.0084024487125,5.85771420543269
BEN,2001,,48.2571706392197,17.7527202451424,5.33313570603937
BEN,2002,,43.7684225364311,14.8337225342659,4.64303087074482
BEN,2003,,41.6162305574334,15.1637900420403,3.44357677591658
BEN,2004,,39.9029743365096,15.218605125346,4.42968455385082
BEN,2005,,39.0959311879142,12.0860448919113,1.71316456361184
BEN,2006,,39.7746987128551,12.8734651191902,3.94373882815798
BEN,2007,,49.1137841529705,16.3768679983693,5.98634932177609
BEN,2008,,47.7753592695169,13.7404206600646,4.89657708429647
BEN,2009,0.896072355749065,44.7026290629806,14.8657187295579,2.31929213912838
BEN,2010,2.20783532536524,51.4308599492924,15.608089212583,2.11406472648392
BEN,2011,2.70423907747279,47.2170288118403,16.4625572802737,2.96375291904201
BEN,2012,6.74468253340713,50.7367367791134,15.276312739626,4.811223315688
BEN,2013,0.428888888888905,59.2001918331875,18.86187234768,7.19143372144946
BEN,2014,-0.548757550948178,65.2682749404551,19.2575856279899,6.35767909791932
BEN,2015,0.218785923536209,56.7563131849476,20.731792085746,1.77815106030278
BEN,2016,-0.79331014578558,58.9869283378276,20.2720396046954,3.33967342629693
BEN,2017,0.0432648555103161,61.4765969588474,23.9604222292501,5.67156195150444
BEN,2018,0.919170717886098,61.7951944903448,26.3865130249513,6.69725362180888
BEN,2019,0.732849371241047,63.68133231423,25.6298005790604,6.86568662848335
BEN,2020,3.02272119663757,44.8332333768726,25.6338435081567,3.84879240030133
BEN,2021,1.73353962694033,48.0548608324409,28.8506183177663,7.1554516457574
BEN,2022,1.35077863583529,44.3815928877424,31.1483716430973,6.25294705373625
BEN,2023,2.73870078406076,44.6631308180211,34.5306621756362,6.3527773854442
BFA,2000,,35.1229419704263,14.5706990626075,1.88847388906525
BFA,2001,,31.6581708148511,13.5458978685006,6.61340574539679
BFA,2002,,31.3125228527966,13.4516848777294,4.35296382988099
BFA,2003,,30.3682364077323,15.4592813585183,7.80249388870359
BFA,2004,,35.4809436017462,15.5181038099984,4.47845213670386
BFA,2005,,34.1721697681049,17.5635935306702,8.66187322841225
BFA,2006,,35.1065423554549,16.1250056320714,6.25316468817478
BFA,2007,,33.7797172895073,18.2510847811436,4.11137901761516
BFA,2008,,35.3853169801502,20.7319624459801,5.79999174105387
BFA,2009,,40.2959836735924,19.9900322638267,2.96195085866692
BFA,2010,,49.0732385398039,21.9904340000138,8.44628157707625
BFA,2011,2.75976724854531,57.4972531038508,22.1235118043343,6.62256261306693
BFA,2012,3.81815240252386,61.2386079818398,24.6529928973207,6.45267237953146
BFA,2013,0.533738507090531,64.0358513024234,23.7099150061433,5.79258484509867
BFA,2014,-0.25808951753536,58.8235624937426,19.2622491931648,4.32684561452976
BFA,2015,0.7248389810706,59.0891813101662,19.4066997164243,3.9212287937935
BFA,2016,0.441041448058777,57.8931727994406,20.7955479484027,5.95797670754024
BFA,2017,1.48299897161327,59.2687802020168,22.0618365902649,6.20348941121868
BFA,2018,1.95594302672532,60.5956256236488,21.7391048190018,6.60456906812341
BFA,2019,-3.23338933983324,60.4086928753226,19.7578680144889,5.88920497068135
BFA,2020,1.88470066518848,60.7397786403239,17.1615174265995,2.01077262406221
BFA,2021,3.65326761825511,62.4203586607795,15.5079014507343,6.94252492572348
BFA,2022,,64.8438739203037,17.4975778095309,1.4972397409897
BFA,2023,,64.8223211154384,22.5438564249502,2.96018147384929
BWA,2000,,91.924729689918,29.551080393757,1.98769583378552
BWA,2001,,87.5250655680957,29.888136618651,0.250573949689084
BWA,2002,,91.8357740585774,30.1938052068805,6.06953087648317
BWA,2003,,85.8340425151264,30.1430074223364,4.62589474959299
BWA,2004,,90.9978228872631,31.3514430014324,2.70582170611173
BWA,2005,,88.5053520573505,25.374133887578,4.55664565323181
BWA,2006,,86.612433913524,21.692781593681,8.36387109282306
BWA,2007,,98.4965249407252,23.0747568630383,5.79255577727118
BWA,2008,,99.008222007989,35.4683348008758,3.25207295796832
BWA,2009,,88.4807886337378,32.6299076727603,-14.1442346163423
BWA,2010,,94.6390020873926,34.7021091252242,10.1197233309093
BWA,2011,8.45987233408586,98.9614677801469,39.1181150467037,6.83841050060252
BWA,2012,7.53690261091912,111.875280620952,35.9998617809678,-0.170857116593709
BWA,2013,5.88460707056817,125.78303991122,24.8793287159182,11.1029068778778
BWA,2014,4.4022530924343,119.497541791464,25.2530625662887,5.69714422027599
BWA,2015,3.06203169580557,112.900891016005,28.4432892203156,-4.85132504617629
BWA,2016,2.81495791361944,100.464689766026,22.0676982064961,7.20442475914267
BWA,2017,3.3082807676822,81.9239513763494,25.0058963191325,4.11437856026637
BWA,2018,3.23801558947711,87.4551039946493,25.902879643882,4.1886923900019
BWA,2019,2.77286442863323,83.0929813601175,30.8204405592326,3.03177337082403
BWA,2020,1.8903591682421,77.6634178431966,32.7272598321924,-8.72888241149465
BWA,2021,7.24097765588445,88.7587495945773,27.3637239053257,11.916272413183
BWA,2022,11.665567478802,85.6117077589148,26.7915178682867,5.48601706446772
BWA,2023,5.06761549343829,68.8033578360816,30.2958784873742,3.20806812224438
CAF,2000,,45.6597819937269,11.0722959362908,-2.48943244028874
CAF,2001,,39.7304997372329,10.2408292129649,4.46473902640867
CAF,2002,,36.1085647794782,9.62494666555282,3.61654219150596
CAF,2003,,36.2312260023474,6.4047925068294,-5.39748521855877
CAF,2004,,33.2439549188203,6.81213802638146,5.99488422798696
CAF,2005,,35.0709368656226,9.86481735599986,0.908210514871953
CAF,2006,,36.3958702287378,10.2342110190608,4.77108543044105
CAF,2007,0.959917619457111,37.5808990187896,10.6872405778362,4.60753485452025
CAF,2008,9.25895099417076,34.4375218095517,12.728492373968,2.05413096200485
CAF,2009,3.52126227238642,31.4942464896799,13.2041724777738,8.58726042640994
CAF,2010,1.49102370047805,34.4304819543042,16.8437813047686,4.63081843223307
CAF,2011,1.19447572449848,34.4756183327299,13.7084644737209,4.19461533741989
CAF,2012,5.47829594346121,33.0594485943314,10.8339751287687,5.05376125356918
CAF,2013,6.98879341970198,38.3992875721315,7.5153240218181,-36.3919770983887
CAF,2014,14.898684179755,53.0950920179825,21.9907907197476,0.0810705153264877
CAF,2015,1.40297017136817,53.1451477769621,21.8053804538636,4.33712103020231
CAF,2016,4.94543276106514,50.53064402191,22.463467946845,4.75031684122342
CAF,2017,4.1807233187127,57.1435457117119,25.6012512008403,4.52727821346231
CAF,2018,1.61215686991552,49.6602000024318,26.0,3.78944359275462
CAF,2019,2.68537355266785,50.0658000014868,26.0,3.09999999999999
CAF,2020,1.71015659523154,49.5210200011921,25.9999999979092,0.899999996857062
CAF,2021,4.25936417542868,44.159119995104,25.3641399970476,0.982919996264229
CAF,2022,5.58316735183248,45.23357000162,24.3266600012173,0.453901881507008
CAF,2023,2.97913852618937,43.480570208358,23.7477562200269,0.69996838992121
CIV,2000,2.53077516737988,54.9639916295152,15.8924072733403,-0.265789462275947
CIV,2001,4.36152914007261,53.1141047180447,14.2203409229788,-2.15401249077306
CIV,2002,3.0772648515743,55.9019482275388,12.0234754844887,-2.73052647441901
CIV,2003,3.29680746974212,53.260060681877,13.9684419032966,-4.72586658630681
CIV,2004,1.45798835600739,58.1182963035946,14.7182926366705,3.18503822575397
CIV,2005,3.88583039886477,62.8209360402806,13.8421414471747,0.996065564854788
CIV,2006,2.46719148596918,63.690377061452,14.1808271176765,2.81557859252327
CIV,2007,1.89200629349596,61.4309423484426,13.7262735107761,1.10142976793477
CIV,2008,6.30852769152581,61.9406212969499,18.1800206859596,4.7826659787672
CIV,2009,1.01950457731134,66.6729037469185,14.7435495856944,3.60332156667053
CIV,2010,1.22645612135478,67.472940081257,21.6810545298756,6.84804939907013
CIV,2011,4.91243395052459,64.7159030611345,16.5937189121478,-5.37044724000579
CIV,2012,1.30451119915597,70.3010893191249,20.4508171031026,7.62041176451649
CIV,2013,2.58117037252936,58.3526792527234,22.9098013286147,10.7602131311256
CIV,2014,0.44868207676616,53.6804175610344,22.6204558252908,9.37199994240375
CIV,2015,1.25149954781475,52.7128647411445,23.3881494701744,7.19494942728191
CIV,2016,0.723178457513241,47.5655783613535,23.1954091913848,7.17275963956332
CIV,2017,0.685881065304602,48.6625074729482,20.8188163794498,7.41076242592504
CIV,2018,0.3594090313807,46.0375087102874,22.2527904990641,4.84314605889178
CIV,2019,-1.10686343994195,44.6604105830795,21.9899384954404,6.72137167584978
CIV,2020,2.42500656821817,41.9426318190526,21.7428934104601,0.699728593494228
CIV,2021,4.09195189692865,45.1140327762435,23.5753170688856,7.06332910205232
CIV,2022,5.27616724262842,52.8663910413483,27.4853115364793,6.39988362720531
CIV,2023,4.38711707003282,52.0034548731483,26.0965109188638,6.45045796902575
CMR,2000,,47.9279442460149,17.1923305666251,3.83241779430614
CMR,2001,,51.5722691890366,18.7740622006083,4.32426119221549
CMR,2002,,48.4817227279603,19.4413944162664,4.47702683369155
CMR,2003,,40.2431925894529,18.0947361657846,5.45315368881347
CMR,2004,,41.8377424272557,18.8678143226466,7.04886281858374
CMR,2005,,44.9976813478478,18.6709254882433,2.22827020924117
CMR,2006,,47.1044341803567,17.7758598449069,3.80958327566137
CMR,2007,,53.2156908605178,18.3784496512645,4.32758900972871
CMR,2008,,56.9244171562734,19.7540543269388,2.8476778892105
CMR,2009,,42.1761073594765,18.5596853746796,2.57925177738754
CMR,2010,,47.2385853965951,18.2284440377378,2.89902472122014
CMR,2011,2.93969946305093,51.521987603918,18.732400822037,3.37921128506045
CMR,2012,2.73529677529534,50.0360127271229,18.0007381699582,4.62597872209571
CMR,2013,2.05034718001742,49.6745363462134,18.6515459692181,4.99552916130783
CMR,2014,1.85489850366779,50.8323893087648,19.7278343398902,5.71981814509198
CMR,2015,2.67623531419901,45.5401468279393,18.2498554883353,5.66695298703932
CMR,2016,0.874190383288837,40.6386315268268,19.8180548448427,4.53579423678801
CMR,2017,0.640409149881966,39.1990216052629,19.4451374024879,3.54117654926007
CMR,2018,1.0688581131292,40.587602877028,19.5380296351056,3.95551423892049
CMR,2019,2.45280214062729,43.3785132480415,18.9346454960496,3.47505998194981
CMR,2020,2.43760882182241,33.7388313623871,17.6605439792144,0.259932915907115
CMR,2021,2.27185762503636,36.7308347188558,18.1266921736343,3.33885747179505
CMR,2022,6.24767713343864,41.2866025594679,19.1070783023643,3.7367840056412
CMR,2023,7.38281384280978,37.2177281759971,19.5166502739918,3.24834497823876
COD,2000,,27.0144029227569,14.4334963339406,-6.91092731652101
COD,2001,,25.0419375138391,6.70414075173646,-2.10017302488846
COD,2002,,29.3168456429821,7.43579108293426,2.94776518359767
COD,2003,,54.0313561776419,9.52455484338981,5.57782231144424
COD,2004,,49.3364146254994,12.2569205489908,6.73837393324294
COD,2005,,52.3146046950079,11.7799002304206,6.13515115548972
COD,2006,,47.9632596230374,14.6463411498195,5.32097956548998
COD,2007,,80.1420550528087,13.7082842188379,6.25947776437397
COD,2008,,83.7722916507983,10.8571032370841,6.22589426869193
COD,2009,,62.9468793626564,14.5634353990704,2.85506401011484
COD,2010,,90.7476102929543,28.78134893666,7.10797657581392
COD,2011,,85.1981441919418,24.8921059217556,6.8746708900163
COD,2012,,68.3517113952036,14.3282312775532,7.08689894671942
COD,2013,0.808223101487066,77.4659451472265,21.8424234413698,8.48195663608755
COD,2014,1.24303889760764,78.690150124216,23.2234743391057,9.4702880993101
COD,2015,0.744198994781517,59.3324309644245,18.5271201962233,6.91616711922561
COD,2016,2.88585107290007,55.9252102624116,17.3999358977091,2.39939891133452
COD,2017,,74.2913796171904,24.9876783815733,3.7269476588301
COD,2018,,69.9197291501817,20.600959616347,5.82112109969025
COD,2019,,55.2351580399854,20.5945396795345,4.38452887429834
COD,2020,,58.4917573282023,24.602280952328,1.73542276681493
COD,2021,,80.4813114206906,27.5213236257768,6.20015401075946
COD,2022,,93.7286668861721,31.465838039449,8.92444785079518
COD,2023,,90.412415871159,31.9911658704491,8.60908972348436
COG,2000,,123.909884405671,22.6259541984733,7.5759803952642
COG,2001,,130.732481081873,26.356637211346,3.80260189913561
COG,2002,,135.45607107226,23.4075965604067,4.58187006108889
COG,2003,,156.861777335368,26.0903241706861,0.813264076303781
COG,2004,,131.368198717322,22.5203408420881,3.47663162118089
COG,2005,,119.552892262402,25.9379984821473,7.75575897806648
COG,2006,,125.600762974491,28.2834567847369,7.98623836334291
COG,2007,2.65464645060703,148.586625395069,61.0536960552352,-6.61399480441001
COG,2008,4.95875092023152,133.108486659608,42.0714121709361,6.30637595585259
COG,2009,4.41500374795223,135.552365681975,54.295110833528,11.6372888615758
COG,2010,0.391525011227614,124.064754399607,47.1901706659231,9.93126543095578
COG,2011,1.75958704273801,124.591742710141,36.8419012310002,2.20591936286718
COG,2012,5.01018773134469,97.444435145443,43.8168282700271,9.94715314257564
COG,2013,4.63161619729462,93.0028633915235,47.0644823800022,-0.712434451876447
COG,2014,0.912139545450162,104.197620103417,52.8446172450901,6.64606540928447
COG,2015,3.16909796750827,117.320721558581,76.7823246780685,0.415193061293763
COG,2016,3.19056179723774,122.259818284021,71.266855758205,-8.68524343913786
COG,2017,0.450063823285532,94.6170952583422,45.8944862253605,-5.59477371915547
COG,2018,1.15277896375524,100.583216779714,29.5270088622039,-2.30431780125842
COG,2019,2.20607305781522,91.5757547930374,25.9000965433665,1.12447391976529
COG,2020,1.79537147083111,69.3066247188397,23.7315670324983,-6.26777227963225
COG,2021,1.71564275451261,85.5462031552188,21.9769014632722,1.01507036990908
COG,2022,3.04344334698473,98.1613366922001,20.9792068255243,1.47535613247133
COG,2023,4.30174563591022,96.2103944039618,25.2109559920067,1.90686426346754
COM,2000,,35.7574785467961,18.0422951853931,10.847878616072
COM,2001,,35.7572288808942,18.0423401277439,2.33290710182874
COM,2002,,35.7571190715765,18.0423117185491,2.3249448613998
COM,2003,,35.7569591302191,18.0423216019979,2.1038716355305
COM,2004,,35.7570631161898,18.042334010286,1.91965980712278
COM,2005,,35.7574093340398,18.042313166434,2.83754786988332
COM,2006,,35.7572745643301,18.0423258142433,2.6469554759412
COM,2007,,33.1561792127495,16.8874091034811,0.800042348955387
COM,2008,,36.2185263542809,19.2488768740532,3.96461118871815
COM,2009,,37.8969223253542,17.990680545639,6.48692881990631
COM,2010,,39.5501057977388,18.1749508794904,4.80105816823387
COM,2011,1.84266300756185,40.0009485841888,16.0214526508746,5.8881526705417
COM,2012,6.31474450315182,40.8104424055408,16.1515733625598,6.31063973754043
COM,2013,-4.29487331536753,39.2433304243612,16.3561844009634,8.92726953365961
COM,2014,,39.2358244155675,15.2029658508546,3.89569328951215
COM,2015,,37.8049520714563,13.6380402758518,1.99206468746939
COM,2016,,37.1328797158337,12.5606730066488,2.78022854212236
COM,2017,,40.164358921352,13.4334433748138,5.59618952073011
COM,2018,,42.996153341343,14.8680929255808,4.05960593662805
COM,2019,,42.2680785350184,12.7348062616273,3.62877024437186
COM,2020,,33.7299346157491,11.8017625319814,4.00531793513311
COM,2021,,42.0677236496077,13.5021643659675,2.72579845079559
COM,2022,,50.3887704882382,13.3347942895571,2.81839506562636
COM,2023,,45.6837789235815,13.0144879394462,3.06466236855576
CPV,2000,,87.5206083614917,,14.2848688450919
CPV,2001,,92.1637224974152,,2.23165454528898
CPV,2002,,101.089702293616,,5.25089116960211
CPV,2003,,98.7683808076547,,4.17625932578332
CPV,2004,,101.567169989502,,10.197072633926
CPV,2005,,104.343839857053,,6.91245795720201
CPV,2006,,117.816697232822,,7.98375044795048
CPV,2007,4.41099704193489,65.8209895991719,47.271484248355,15.1706879735517
CPV,2008,6.77443546371143,78.184115830287,45.9358045471371,7.03901129565128
CPV,2009,0.991103480568084,68.479572252645,41.3602933111924,-1.50358672385678
CPV,2010,2.07866470906424,85.5484498816191,44.9568060390526,1.83641914989978
CPV,2011,4.47388342165028,90.5564501122747,44.9117743846551,3.92471821338283
CPV,2012,2.54039644167108,90.649916554117,35.2038713812683,1.08364848376166
CPV,2013,1.50654285701401,86.1698600308418,29.9872865504067,0.632136727385131
CPV,2014,-0.238778144990621,91.3038524117221,34.9962522997627,0.696666840118581
CPV,2015,0.131187999024519,94.0084870167993,29.1071744394227,0.936026507808833
CPV,2016,-1.40781637091705,95.3781398609533,28.5553782407275,4.28071482662371
CPV,2017,0.784415251101357,100.052133904219,29.2834862444324,4.5513148102974
CPV,2018,1.25699566690508,105.867524052105,27.486159184509,3.70696458310842
CPV,2019,1.10666674296062,103.602656463726,23.4319738651901,6.94782634051859
CPV,2020,0.605795808395438,78.3934545931901,28.9619236573871,-20.8052758990735
CPV,2021,1.86215297494641,77.4550586265341,27.7497642140942,7.03353010694514
CPV,2022,7.9309292543009,96.9941368513357,21.8794313027596,15.843675684642
CPV,2023,3.72437517668746,94.5799055047758,19.345046443029,5.3911442736601
DJI,2011,5.06871394777982,,,
DJI,2012,3.7312095075689,,,
DJI,2013,2.70603242872182,347.720317058403,56.9079297902791,
DJI,2014,1.34186494340158,298.564535821251,3.11518509884608,7.19298728463697
DJI,2015,-0.847389733971989,268.363456254629,-3.94592435677103,7.30898563450799
DJI,2016,2.73841208738758,213.071998607921,21.9359401140492,7.1234323372872
DJI,2017,0.568112117084724,305.967966403468,21.6328079279849,5.458091517212
DJI,2018,0.147970849877118,300.398900523844,2.78690075604472,4.77433934943193
DJI,2019,3.31925372703827,320.93923036418,2.28145969959191,5.54508081154978
DJI,2020,1.77740783806177,225.744871323723,-0.248727784664231,1.2021151728969
DJI,2021,1.18191775339798,263.477728733891,-15.6784437711797,4.40715667561153
DJI,2022,5.17980847967062,302.285409231545,-10.5957415251433,5.16653702854374
DJI,2023,1.49506816515083,284.53692869882,-3.23994971278298,7.37207148701995
DZA,2000,,62.8583436360347,23.5639069007647,3.80000000158476
DZA,2001,,54.5296491177208,29.4025185679593,2.99999999863043
DZA,2002,,56.5896052814114,32.422149775997,5.40000000000001
DZA,2003,,57.7691353044878,32.0808213874135,6.50000000062043
DZA,2004,,61.3579975707176,32.8514476424712,4.49999999976698
DZA,2005,,66.8404602203906,31.175075513314,5.39999999969525
DZA,2006,2.31149918514424,65.9152919677621,30.3621197641824,2.89999999905852
DZA,2007,3.678995747417,67.5454733939763,33.5715459915764,3.10000000128674
DZA,2008,4.85859062814938,71.0284922505261,35.5369334164485,2.49999999929371
DZA,2009,5.73706036145628,64.2847547238993,46.0669131037696,1.19999999969519
DZA,2010,3.91106195534029,63.4912159928425,43.2868274827225,4.80000000093564
DZA,2011,4.5242115050527,62.2200899610479,39.7538222142123,2.99999999941909
DZA,2012,8.8914509106232,60.7576393340605,40.2823786992933,2.40000000034432
DZA,2013,3.25423910998842,59.151008157244,44.5820108403061,2.60000000061164
DZA,2014,2.91692692067458,56.9235419669867,46.8984793363791,4.09999999866501
DZA,2015,4.78444700693894,53.2046225904145,51.779612559441,3.20000000089023
DZA,2016,6.39769480268751,49.7609327925216,51.6415142855742,3.90000000017621
DZA,2017,5.5911159096167,49.8208161712587,48.2675922575805,1.49999999895587
DZA,2018,4.26999020467083,52.4361676779223,46.4568594962626,1.40000000088281
DZA,2019,1.95176821052892,46.5068426081672,44.6295617875004,0.899999999219148
DZA,2020,2.41513094083414,40.3897565625388,42.9493576825015,-4.99999999908597
DZA,2021,7.22606307415475,46.8370592599607,39.1458051112848,3.79999999900707
DZA,2022,9.26551551551555,51.2023757404409,35.0891197613498,3.60000000094915
DZA,2023,9.32217375928319,43.682914195572,37.724946210066,4.10000000005964
EGY,2000,,39.0179359012055,19.5530726256983,6.37000382991766
EGY,2001,,39.8104265402844,18.2603847226094,3.53525197391507
EGY,2002,,40.9870678279229,17.9994721562418,2.39020402573726
EGY,2003,,46.1796407185629,16.8862275449102,3.19345473739745
EGY,2004,,57.8199052132701,16.9379765093756,4.0920716112534
EGY,2005,,62.9526462395543,17.9758588672238,4.47174447174434
EGY,2006,,61.5185365063947,18.7307754573418,6.84383819379117
EGY,2007,,65.077873254565,20.8512352309345,7.08782742681038
EGY,2008,,71.6806253489671,22.3897264098269,7.15628356605819
EGY,2009,,56.5534446363462,19.1901746305891,4.67359979952391
EGY,2010,,47.9363500745898,19.5010774075916,5.1472348575531
EGY,2011,10.0649259874818,45.2556341623514,17.1030559404857,1.7645719489982
EGY,2012,7.11172943343081,40.7117692721084,16.0267510598913,2.22619979863525
EGY,2013,9.46971981064917,40.373038056332,14.2119974199097,2.18546605362143
EGY,2014,10.0702154687481,36.9201877934272,13.6431924882629,2.91591187985748
EGY,2015,10.370490343517,34.8459429600229,14.2886370146078,4.37201907790141
EGY,2016,13.813606214829,30.2465490514505,15.0402303092936,4.34664345555447
EGY,2017,29.5066083940039,42.8321343581608,18.734101042151,4.18122099994778
EGY,2018,14.4014657807422,45.9110196733959,20.6249196348206,5.3311086189448
EGY,2019,9.15279959324804,41.1240171551108,20.6540385989993,5.55209307156956
EGY,2020,5.04493288977539,32.1262555667523,18.8180606572831,3.55016483786838
EGY,2021,5.21404940513041,29.8569734808122,18.2122435502994,3.29064601202211
EGY,2022,13.8956609775178,36.9831048772713,19.8559132929551,6.58784560886967
EGY,2023,33.8847763115546,40.4504007720031,16.4907339937373,3.76028052279247
ERI,2000,,67.8813619265146,21.9967567603027,-3.14198590251638
ERI,2001,,72.0627109589752,35.2606217610795,8.75543552816325
ERI,2002,,76.5901636574451,29.5489323270544,3.0054291917378
ERI,2003,,74.0078242901552,26.5439604075464,-2.65551592487554
ERI,2004,,65.570906849032,20.2629217457409,1.45173556595506
ERI,2005,,61.1060310218073,20.3394397206045,2.57444955124846
ERI,2006,,45.2608460537354,13.6811165438244,-0.969217110711355
ERI,2007,,34.5595595326375,12.6735754136609,1.42682221120323
ERI,2008,,30.5609500494496,12.7135404800139,-9.78303001782456
ERI,2009,,27.9721416148149,9.26379597839317,3.8765015275421
ERI,2010,,37.4714654565691,12.3854014927083,2.19419034888082
ERI,2011,,47.3937901188684,12.626317662696,8.67980010138049
ETH,2000,,,0.0,6.07321747957951
ETH,2001,,,0.0,8.30130632052327
ETH,2002,0.675089102170791,,0.0,1.51472570631104
ETH,2003,13.6740452028272,,0.0,-2.16135972205798
ETH,2004,3.32737047894846,,0.0,13.5726031368694
ETH,2005,9.96997123512892,,0.0,11.8187659466494
ETH,2006,12.2994763114825,,0.0,10.8347270658771
ETH,2007,17.2404008340898,,0.0,11.4561670000235
ETH,2008,44.3566858766952,,0.0,10.7885216853725
ETH,2009,8.48364404530282,,0.0,8.80255319782573
ETH,2010,8.14926402965083,,0.0,12.5505383459307
ETH,2011,33.2499598823345,48.232935411689,32.1076664694521,11.1782962271642
ETH,2012,23.600417677317,45.3979041835072,37.0979619673542,8.64781163337369
ETH,2013,7.46402192944522,41.4717870807625,34.0811183155872,10.5822700482676
ETH,2014,6.89001951597188,40.7410841498626,37.9937253037378,10.2574929610054
ETH,2015,9.56889955968623,39.6561241449515,40.6712729848122,10.3924630202332
ETH,2016,6.62813337230927,34.8990210816111,37.3487629699646,9.43348265784411
ETH,2017,10.6871150284238,31.1036494929016,38.4439871569806,9.56418965754014
ETH,2018,13.8330356586661,31.1993689777881,34.1629551124182,6.81614778557282
ETH,2019,15.8096321719344,28.8152939288346,35.2639756254811,8.36408573314054
ETH,2020,20.3563468559061,24.0061143401794,30.5789686594943,6.05953089054807
ETH,2021,26.8395221557722,24.3450574647644,28.0252954109363,5.64153069257077
ETH,2022,33.8898797100898,26.5954996967313,25.3422268254436,5.32175988403378
ETH,2023,30.2188278135278,20.5982015072652,22.1694039604718,6.59424599357075
GAB,2000,,101.701928939637,21.9020564270273,-1.88296639760897
GAB,2001,,83.6386132424108,22.7454690749839,2.13523342197423
GAB,2002,,84.7590815376223,25.1070976391096,-0.249033168543434
GAB,2003,,80.3026082056312,22.6391014756493,2.2473300115045
GAB,2004,,81.7675371418698,21.4960517696994,0.689543058464849
GAB,2005,,83.9495998399241,21.3645323014692,2.67620333310926
GAB,2006,,88.6494092562519,24.0451962615575,-2.80657835569052
GAB,2007,,85.1324791636578,24.8786940506869,6.00810802487668
GAB,2008,,88.9988725945748,25.0898974271767,-3.30843064878751
GAB,2009,,83.5045774235636,27.981113361031,0.130331119816617
GAB,2010,,89.1576627248353,29.7011138055349,7.08988731455126
GAB,2011,1.26331707837422,90.4983773331323,26.6423895609865,7.09175334258654
GAB,2012,2.65241828695621,92.3428089420545,26.9661499641622,5.25107691750407
GAB,2013,0.505441058915667,90.6350361478645,29.1805950279998,5.63869900338696
GAB,2014,4.69045751826286,73.5203290162438,35.1390486032907,4.31496444107469
GAB,2015,-0.338795188753388,73.9497814588281,29.2309562924902,3.8788993950789
GAB,2016,2.10670712784051,70.1333810645308,26.9822610431075,2.09144220829562
GAB,2017,2.65192583143897,75.0687404456638,21.2986084367913,0.472642030911146
GAB,2018,4.74906652083221,77.0365976973024,19.2582324284114,0.83791658082157
GAB,2019,2.46456756151188,73.4280894486644,21.8987965722319,3.92080879452831
GAB,2020,1.35276110675338,70.1140546463796,19.8634691073054,-1.8377610635094
GAB,2021,1.08690746519409,85.3483122054787,17.4565506185946,1.46795731508091
GAB,2022,4.23124798274575,92.0630888496921,16.0269404879625,3.03761449525692
GAB,2023,3.62901534185377,90.9932336284568,17.5342876977906,2.44588083096593
GHA,2000,40.240933123914,116.048430162968,23.9986004971918,3.70000008164408
GHA,2001,41.509496287803,110.045854160811,26.5994216024397,4.00000012807919
GHA,2002,9.36093239560312,97.4892431746551,19.7,4.49999955900331
GHA,2003,29.7729797160384,97.2871457139532,22.9369279766376,5.200000133101
GHA,2004,18.0427388232565,99.6703343472122,28.3775066840527,5.59999999077445
GHA,2005,15.4389920155908,98.1715141146279,29.0021406363098,5.90000381855104
GHA,2006,11.6791839392492,64.5190542439152,22.46580573765,6.39991260618034
GHA,2007,10.7342665456292,65.3543222852532,15.3845449877747,4.34681910440079
GHA,2008,16.494639613412,69.5142256111434,16.4919639408033,9.14979893831817
GHA,2009,19.2469482220857,71.5947385281523,16.4317931081367,4.84448705175076
GHA,2010,10.7333898354915,75.3778157916824,13.1001937072805,7.89971194051621
GHA,2011,8.72845937093023,86.2954538549695,12.8099929663177,14.0471235803149
GHA,2012,11.1863409441067,93.1680351286831,16.967722122965,9.2927894063005
GHA,2013,11.6661923071728,60.7593219028775,24.7715380530843,7.31252501678145
GHA,2014,15.4896160333319,63.8365624430783,27.1650663374465,2.85624016330883
GHA,2015,17.1499695007878,76.5212709243242,27.7096411705743,2.12075933817334
GHA,2016,17.4546347070868,67.8769994445865,25.4556554537134,3.37346574966936
GHA,2017,12.3719215507049,70.5483652904116,19.5655199555214,8.12889488100956
GHA,2018,7.80876516610703,67.9585174644902,21.7093349999065,6.20007768127284
GHA,2019,7.14364003330856,76.824802732152,18.6472756161472,6.5077747939152
GHA,2020,9.88728956269943,66.5754987162431,18.2236669857819,0.513941670628171
GHA,2021,9.97108867504442,62.7078309128346,17.0366779158262,5.07646643533542
GHA,2022,31.2558951049016,70.1154557958907,15.799843045792,3.80484980952164
GHA,2023,38.1069656296501,64.3878615281647,9.8998610781632,3.14009099763754
GIN,2000,,36.6796954912881,14.0409789124706,2.50306056299607
GIN,2001,,40.1878781394378,11.3011270031639,3.65834646929586
GIN,2002,,38.0284032674396,9.97077078957571,5.16460946696631
GIN,2003,,35.0751269891585,14.8250363931269,1.24860125923698
GIN,2004,,34.5950959210535,14.2157436663636,2.34011731288737
GIN,2005,,47.9377003917167,13.3976935679061,2.99727256275818
GIN,2006,,69.3862937148949,24.5633976978161,1.18960211693242
GIN,2007,18.1755656108597,71.1210322265015,23.4196733530526,6.81747111070281
GIN,2008,23.065612938798,64.1842433909581,26.2176976521342,4.13301615965833
GIN,2009,4.68438868976505,69.8153454158123,21.3066122469499,-1.12264204848687
GIN,2010,15.0502688559001,73.5465739340387,20.3254011637907,4.81336016967553
GIN,2011,21.3169268542577,85.9546732708386,24.0533327443322,5.61211177430975
GIN,2012,15.2262941038638,86.6743318322581,26.0215285191708,5.91528626133322
GIN,2013,11.8875884481828,80.4264477180461,23.4939613943409,3.94568708624053
GIN,2014,6.15050556706421,76.7719658952305,22.8165774180333,3.69655311664086
GIN,2015,11.7800825029834,72.4427307469345,24.16336683296,3.82591056949435
GIN,2016,8.17268112275132,111.839467415368,52.6698445118375,10.82062719659
GIN,2017,8.91435947913094,101.251633768429,22.270417145837,10.3000053427355
GIN,2018,9.82761701259194,88.984111543709,19.5473148183264,6.35849192736715
GIN,2019,9.4700103925301,78.4153132285974,19.7285576989784,5.61691446889876
GIN,2020,10.6016203387167,115.765259518929,31.5164009990609,4.70459096113575
GIN,2021,12.5972882566934,115.195532789356,16.0762705485493,5.5823328114905
GIN,2022,10.4930409984424,94.1652726931221,14.0142215654177,3.97240784200721
GIN,2023,7.80497591927974,95.829526758227,23.4269896966463,5.54172668627702
GMB,2000,,56.3598198850954,4.56249739677209,5.50000021632955
GMB,2001,,46.9292631865623,11.1727401352846,5.80000024323377
GMB,2002,,59.642950918834,7.27832762883119,-3.25000014970206
GMB,2003,,68.8587930342232,10.0388860071725,6.86999962173842
GMB,2004,,49.9342995615683,14.3183765243099,7.05000000064635
GMB,2005,,50.0187233950976,13.8318506658647,-2.35172936176019
GMB,2006,2.0565034236599,50.374468581975,15.6906853088323,-0.555580977246521
GMB,2007,5.36913473801957,44.2938444656791,12.5665208782691,3.04324950829739
GMB,2008,4.4436549094501,39.0890994561344,10.5224347295927,6.25590553394287
GMB,2009,4.56150687670983,41.7773944257977,12.8914138046647,6.6657243078367
GMB,2010,5.04968075857403,41.0125150279466,13.8767105275043,5.90833580968288
GMB,2011,4.79588266183109,42.6397020468894,12.8961682852301,-8.13044422315659
GMB,2012,4.25432199813901,47.7006731141985,20.8771686494917,5.24156924630741
GMB,2013,5.69912989637384,45.4619193623296,14.7115331277791,2.872768790327
GMB,2014,5.94799935696618,58.2579307752264,16.6526122015212,-1.40738249510954
GMB,2015,6.80845494579614,44.5223730803813,20.3498140429739,4.0580738039996
GMB,2016,7.22879272057924,38.1140879565948,24.919934192266,1.94335965478776
GMB,2017,8.03418974545908,55.7335796090833,22.9597266827213,4.8226112492757
GMB,2018,6.52096823946574,64.8124640003735,20.8784242569263,7.23489033258579
GMB,2019,7.11567625631189,55.9979116186993,24.6538431612228,6.22205315994859
GMB,2020,5.93127636562442,47.3955201736291,32.34205468872,0.591487287873974
GMB,2021,7.37034758876617,42.0979827971754,30.3707902499395,5.25596878816744
GMB,2022,11.5131198380505,44.7219215522334,28.6236492170476,5.49299825508946
GMB,2023,16.9742129632327,42.4360025095476,27.2873451192374,4.79750894530943
GNB,2000,,52.7373461180145,20.0607519051822,1.10027815777423
GNB,2001,,47.5832172774612,18.8821713857088,4.7859716500482
GNB,2002,,39.6760635550924,23.5961232443338,3.65393603642713
GNB,2003,,38.0334709318917,27.64774494114,-0.285931052286514
GNB,2004,,43.192131633446,20.9616308959262,1.17189152277038
GNB,2005,,45.7842315450716,18.2527613564441,6.55977111846077
GNB,2006,,48.7605033860226,20.0790987853146,2.66650493269572
GNB,2007,,46.2445284700147,24.2726381660371,2.55982647078751
GNB,2008,,45.1388893744724,17.3390259766336,4.52457514610252
GNB,2009,,43.5957474099206,18.3648740410824,2.44795106098685
GNB,2010,,43.5145876385454,19.4936149100766,5.60536311358261
GNB,2011,5.04610226320201,48.6174602066373,15.8456824536409,8.08504167173554
GNB,2012,2.13054580274496,44.1280665609795,19.3541909065405,-1.71286958446419
GNB,2013,1.20712555668413,39.9574617805787,19.2302341915086,3.25607190852087
GNB,2014,-1.509244605705,46.8696583055238,20.1399364198987,0.964525745841428
GNB,2015,1.47672048910486,54.3703755891285,14.6862099976075,6.1340893623123
GNB,2016,1.50312055861089,54.3006730474711,17.6713587535475,5.4326782650304
GNB,2017,1.69111461822294,56.9137475938811,18.1207259537486,4.66367943913264
GNB,2018,0.38132470279102,55.0195890357005,18.5517656544313,3.76145359637003
GNB,2019,0.246600268147865,50.1779867067114,22.6522646576117,5.56574533585568
GNB,2020,1.14000939393216,43.4304481311735,24.9484511008743,2.12811490126288
GNB,2021,2.24248879577664,45.5107846892668,19.6119887543321,5.23736640634888
GNB,2022,9.39075933985203,46.2708566194737,21.0009138597446,5.58513728011474
GNB,2023,7.10220928557054,41.6110643520817,18.9621476231489,4.46369936133392
GNQ,2000,,,,18.2137799569674
GNQ,2001,,,,63.3798754250602
GNQ,2002,,,,19.4628340359251
GNQ,2003,,,,13.9552503163825
GNQ,2004,,,,37.9987268556423
GNQ,2005,,131.02447181321,39.4767488235046,16.7487006053541
GNQ,2006,,118.532782368937,26.5011245422482,7.70491760658767
GNQ,2007,,134.083789857569,29.585907339941,15.2821139194857
GNQ,2008,,128.688006601458,27.5417518128173,17.7991091333811
GNQ,2009,,122.212077110801,39.3928256509129,1.34335628806095
GNQ,2010,,144.668225001248,38.0562994925977,-8.92417588851806
GNQ,2011,4.80538922155698,114.37734663649,32.0492712659016,6.52392362989873
GNQ,2012,3.65662048278811,116.675422472364,41.1481428957988,8.31287184445641
GNQ,2013,2.94887694639661,106.893284926066,30.3080451576082,-4.13319850131583
GNQ,2014,4.30999866149104,104.379198671388,28.7093001746,0.415066301596866
GNQ,2015,1.67663085315991,98.8780591680756,24.7014529043977,-9.11004114881537
GNQ,2016,1.4119391547901,92.6007307237942,16.6986459903143,-8.81641723219757
GNQ,2017,0.744354746612477,102.428258251803,14.03171665413,-5.66750850486686
GNQ,2018,1.06007410662165,103.645681622953,12.5014966275534,-6.23654406734575
GNQ,2019,1.53027528964192,94.8787924253545,10.891703090741,-5.48182537893445
GNQ,2020,4.76669523944226,77.9278846441807,6.98846405853807,-4.79108083383294
GNQ,2021,-0.0971007664640153,76.9666485998527,8.24679554193157,0.860269956382069
GNQ,2022,4.78671704710806,81.8130161368099,7.33815470437154,3.22350831658598
GNQ,2023,2.85949506037317,61.443281519042,9.3599926039255,-5.08930872071532
KEN,2000,,53.3090443862273,17.4140906154511,0.599695390807426
KEN,2001,,55.9468360286644,18.790340524259,3.77990649795343
KEN,2002,,55.1726722640053,15.1382158893462,0.546859530175595
KEN,2003,,54.132265895729,16.4821493891933,2.93247554570904
KEN,2004,,59.4770033484289,16.962495556485,5.10429977629738
KEN,2005,,64.4788661639796,17.6496847904784,5.90666607980057
KEN,2006,,55.2364851257303,18.633585404403,6.47249430015484
KEN,2007,,53.8947888046059,20.4569783889085,6.85072976998784
KEN,2008,,57.5785986473131,19.6127114227698,0.232282744812977
KEN,2009,,45.9451918127805,19.0191724248254,3.30693981631089
KEN,2010,,50.3942873502834,21.2639987992095,8.05847360290906
KEN,2011,14.0224913014704,58.4022059745625,21.8858122759467,5.1211061197056
KEN,2012,9.37777003547595,51.6236920232481,22.1933629258823,4.56867961444982
KEN,2013,5.71749357037735,47.4646425127304,22.4049681039862,3.7978483925754
KEN,2014,6.87815499275944,46.170489362216,24.9507189987733,5.02011100232484
KEN,2015,6.58215429284783,40.3273846919019,22.1033982020293,4.96772112759767
KEN,2016,6.29724953814624,34.8650195731824,19.3484358309332,4.21351706814744
KEN,2017,8.00564967709946,35.9950578754074,20.6634949022773,3.83795817364721
KEN,2018,4.68980646776328,34.4147531767425,19.3759862497025,5.64794640709219
KEN,2019,5.23963795764789,31.759461841481,19.3418324204191,5.11415885767801
KEN,2020,5.40516207933395,27.2378155252369,19.6515841707054,-0.272766327438816
KEN,2021,6.10793603659178,30.8243031771262,20.3912447822361,7.59048947333467
KEN,2022,7.65986268272222,33.6911387270322,19.0540638513609,4.85998104287999
KEN,2023,7.67139634029401,32.0920792814469,16.3568914711063,5.55587301319866
LBR,2000,,,,28.6159342546183
LBR,2001,,,,2.92027476569781
LBR,2002,,,,3.76301761700071
LBR,2003,,,,-30.145132727942
LBR,2004,,,,2.61984689477413
LBR,2005,,,,5.28121245309295
LBR,2006,,,,8.04390997190059
LBR,2007,11.3918966807102,,,9.53527536282282
LBR,2008,17.489448642993,,,7.14569112811476
LBR,2009,7.42764305914919,,,5.30054050291531
LBR,2010,7.28992796890218,,,6.09982524004147
LBR,2011,8.48816751849402,,,8.20076822497064
LBR,2012,6.83178703418543,,,7.99381444555367
LBR,2013,7.57730681741402,,,8.68728781639683
LBR,2014,9.86111285574906,,,0.701393100287518
LBR,2015,7.74869687621319,,,-0.0185649695590939
LBR,2016,8.83424868336489,,,-1.5549586174878
LBR,2017,12.4196323907138,,,2.45515592012239
LBR,2018,23.5635148953742,,,1.15757512207355
LBR,2019,26.9662760197878,,,-2.46729763532686
LBR,2020,16.9557241496254,,,-2.98249127649473
LBR,2021,7.8155938585865,,,4.98671283481617
LBR,2022,7.59298486560314,,,4.80810517290655
LBR,2023,10.0944535665552,,,4.68375688761311
LBY,2000,,45.2810937659422,11.8406285072952,3.6792704082
LBY,2001,,43.1734496124031,10.7461240310078,-1.76283887062603
LBY,2002,,78.8597570352145,13.5168383822851,-0.958897332849631
LBY,2003,,90.6127305175491,19.358996133254,13.0160372478013
LBY,2004,,96.1293320792401,11.6389465616944,4.46163899648637
LBY,2005,,90.8608896854615,9.51658544855648,11.8707565226151
LBY,2006,,97.7381011197381,21.0482643995738,6.50052541959279
LBY,2007,,102.732315500893,19.1096779450883,6.22998278561838
LBY,2008,,103.242158045544,21.6648129995476,-0.162048238799883
LBY,2009,,107.620930501039,26.0180306878529,-4.4001817631021
LBY,2010,,98.077213074239,19.8007992326027,5.0272476723775
LBY,2011,15.5184815317561,63.0054352895288,8.44242069649716,-50.3385151384986
LBY,2012,6.05980392156859,98.2243189168448,15.2187654168722,86.8267484395784
LBY,2013,2.6058180271952,106.334360918106,21.6855173162296,-17.9979615745681
LBY,2014,2.43294141599223,76.5248826381117,26.2237211424,-23.0428058282215
LBY,2015,10.4022933588151,56.9049073326883,17.382012837146,-0.842656252118843
LBY,2016,25.8538742124461,41.1101760615135,13.8004674607543,-1.4909411172622
LBY,2017,25.8036184788337,47.5489661921214,13.7077561764599,32.4918021862688
LBY,2018,13.1702038536721,63.7811335968183,15.1337630488594,7.9413678529104
LBY,2019,-2.16217883470595,78.9939691850138,13.7553442934446,-11.1960828853386
LBY,2020,1.44703656998739,50.9757934373319,9.44983047721509,-29.4552967282824
LBY,2021,2.86833027751023,164.284069967105,12.160907547063,28.3334624622298
LBY,2022,4.51030149235701,156.321684682347,10.5201970194858,-8.25163004105288
LBY,2023,2.37317531435169,155.655201664179,16.4803551353643,10.1558181770326
LSO,2000,,,,3.87554677576694
LSO,2001,,,,3.56158183392093
LSO,2002,,,,0.723836067167127
LSO,2003,,,,4.55977716384528
LSO,2004,,,,1.69237417358596
LSO,2005,,,,3.46612222755311
LSO,2006,6.07271879734297,,,4.23009522805209
LSO,2007,8.01243669043408,165.048948833372,24.9246019342258,4.18791409957151
LSO,2008,10.7156661309681,161.126590593391,27.9814428627338,5.52341966978646
LSO,2009,-16.8596910540644,158.894737585637,30.538219790262,-1.25375779920832
LSO,2010,-2.40524254598709,150.102435487333,31.3011900430751,5.26967078056286
LSO,2011,5.03663052101558,149.796606699153,25.3316425094885,4.61641394528752
LSO,2012,6.05143662139971,150.208575358438,35.7205960501896,6.33408374679448
LSO,2013,4.86511899496378,133.36548975517,32.6667455053055,1.79252555575545
LSO,2014,5.3702896100859,126.292475360578,34.0968182808394,1.71054990545476
LSO,2015,3.2184451365593,129.722773082867,30.4366347369568,3.12406678044546
LSO,2016,6.59650490696546,136.31524774176,28.7760063691053,3.60890731687714
LSO,2017,4.44769937376297,146.366771329494,22.2056129829322,-3.13817493733471
LSO,2018,4.75180301624745,144.434955465602,21.4472792170962,-1.48063315848241
LSO,2019,5.18708359197979,140.51663349168,26.7945041312681,-1.41799383085205
LSO,2020,4.97809676252311,141.096604645578,26.2646700444764,-8.15595879914267
LSO,2021,6.04774591950677,139.186479465407,28.4701352359002,2.26671067006538
LSO,2022,8.27180389943026,142.373981443861,27.3770082194087,2.38778020186284
LSO,2023,6.3422174312495,141.513755535108,27.2206686483307,1.82662525852363
MAR,2000,,53.4403058388785,23.8068463049384,2.58218091499747
MAR,2001,,53.4915710187871,24.8603718465594,7.72182519577728
MAR,2002,,54.31012791421,24.4137992922944,3.73019737485745
MAR,2003,,52.3318582669923,26.0506060390894,6.17110214953244
MAR,2004,,55.5516384744536,27.8984050253427,4.57138016516208
MAR,2005,,61.4938276863235,27.4168142643006,3.19224973015831
MAR,2006,,64.6721977787154,27.9527831008725,7.7908200104027
MAR,2007,,71.3496467796657,30.8038848648652,3.44106776690418
MAR,2008,3.71484311494064,77.8344716425602,35.5127958030057,5.68453936284732
MAR,2009,0.971862998667637,62.3709560152269,32.1852748633952,3.74576940136258
MAR,2010,0.993557401226421,69.541979610144,31.4907166374774,3.49955709403216
MAR,2011,0.906924909691798,76.8258714906247,32.9462436922694,5.52464523319847
MAR,2012,1.28712240079214,78.2221018956072,32.1793544302158,3.06234368502997
MAR,2013,1.88065466724084,73.8577565315318,32.0046200923723,4.12221286860944
MAR,2014,0.442310053557046,71.8935667539398,30.7742542343433,2.7192440802029
MAR,2015,1.55790711346268,67.2886759253849,30.1771882324678,4.34458297635238
MAR,2016,1.63531114327063,71.1226603816864,31.9579912798641,0.52118550608968
MAR,2017,0.754663249323624,74.1733578786573,31.658071451264,5.05789816173446
MAR,2018,1.80391671141895,77.2548875243989,32.1395672992051,3.06564133025955
MAR,2019,0.303386036590358,75.9981158798422,30.594933523466,2.89097476137077
MAR,2020,0.705968661338224,68.8438033904364,28.7769734233308,-7.17820744246774
MAR,2021,1.40195883962015,75.5234171756506,30.6763551818437,8.15473889823681
MAR,2022,6.65704202759066,101.132382053244,30.2997689691092,1.52720357976111
MAR,2023,6.09114152504136,93.7914030606318,28.8189902949244,3.40334130078834
MDG,2000,,42.7771226639725,11.9305464071932,4.45685893956946
MDG,2001,7.91694484529588,41.0351260923859,14.5092173370671,5.98023576982733
MDG,2002,16.4985255315846,50.1816919379298,10.9702431408945,-12.4079711055149
MDG,2003,-1.70400479616297,34.030602917475,13.7245656856915,9.78489212474175
MDG,2004,13.9558018033211,48.7753818852156,21.1510251154033,5.25700362208742
MDG,2005,18.3638246468932,59.1300849357677,19.3271126967742,4.75584509499119
MDG,2006,10.7656371554865,62.1028389370244,20.3112680040621,5.3985084485368
MDG,2007,10.2879663187671,66.7027353570049,26.5179313396028,5.71056419885052
MDG,2008,9.29650839381058,74.357353960806,38.7460962157139,6.71263253913001
MDG,2009,8.95421802392948,62.4116975958196,37.2218957020948,-3.9787086116544
MDG,2010,9.24732173644116,57.8748945101807,27.0273897313715,0.619239744622121
MDG,2011,9.48254048582995,56.4830925951893,23.3511667280009,1.57842705366555
MDG,2012,5.71384434191048,52.6517140811255,20.1689187861962,3.01114811621208
MDG,2013,5.82642944451986,56.3675817900932,16.5129132506109,2.30037622800727
MDG,2014,6.08040811088295,61.9694322111234,16.4906896468032,3.33920311195367
MDG,2015,7.40419174202131,61.2203788365078,15.9918879278761,3.13229807490305
MDG,2016,6.03575858154679,60.8346984831423,16.3659933895724,3.99314606199499
MDG,2017,8.60905075422951,65.3434015072915,15.8063768976943,3.93330759462793
MDG,2018,8.59422958870479,67.8415046683582,20.7029752410218,3.19435651744398
MDG,2019,5.61051441492363,62.6013230457128,22.6840481290776,4.41123212909589
MDG,2020,4.20179312190558,49.0107073664371,17.7153251099228,-7.13767162064489
MDG,2021,5.81225118787713,55.2158585926918,16.3892313120588,4.65068343193992
MDG,2022,8.16059031991847,70.5471344131153,22.1619767688996,4.15609778380812
MDG,2023,9.87432675044886,61.1330416885787,19.9083555489796,4.20304615803977
MLI,2000,,55.4225754322684,17.175657558085,-0.0608349718130512
MLI,2001,,60.2008030180009,20.4895164611582,15.3762394579174
MLI,2002,,57.8292913721816,15.7457655829161,3.10630825205685
MLI,2003,,58.6281417028541,20.8118359740796,9.11904199532418
MLI,2004,,40.1303621546819,21.5025039074206,1.55999866053497
MLI,2005,,41.6557421435865,22.5197575854072,7.50468463500187
MLI,2006,,45.4398076879091,23.2851182197712,6.65426112172752
MLI,2007,,44.2077103313541,23.4715400701536,3.87502816312752
MLI,2008,,51.6061784639021,25.208649006104,6.53735395175701
MLI,2009,,39.1346822998692,24.9642821699593,4.63350984780976
MLI,2010,,47.0196635730197,25.8482102773172,6.92172188561173
MLI,2011,2.9556439522939,43.0309525232702,24.4113420512671,4.01913525456487
MLI,2012,5.32312847064055,49.1038212559888,21.2090994125666,-0.570588588901344
MLI,2013,-0.606736356351496,54.5264954580149,24.2456913731414,2.38212595410261
MLI,2014,0.883814547137851,51.4954510008387,26.0263902631144,7.60253468971403
MLI,2015,1.45069057605953,53.5751760102265,24.8949550301917,5.97471610121079
MLI,2016,-1.79964707083378,53.6126193604252,27.3161677115008,6.00506308559498
MLI,2017,1.75985742927157,49.4919984941972,25.5449834134051,5.37554769647939
MLI,2018,0.299546507387863,50.6998462523276,24.4943978534371,4.86784999935264
MLI,2019,-1.65826694846365,53.9987132798636,26.5074433150938,4.99999911699705
MLI,2020,0.438088940320735,56.0415474422019,20.4182846080538,-1.16907500952713
MLI,2021,3.9256028310427,56.7150525565465,23.633670532525,3.1009412441845
MLI,2022,9.62147608489068,61.6636979670454,23.1513765659858,3.5082827896139
MLI,2023,2.0588022827422,57.6543000639914,22.3061487400934,4.71716103989503
MOZ,2000,,47.9208808015891,41.1306699228634,0.766234955773442
MOZ,2001,,50.4153095777265,33.5003655629406,12.8516820207736
MOZ,2002,,73.309162757423,40.5930874570462,9.66850534669427
MOZ,2003,,70.1683599479183,33.4266191606781,7.21770086569656
MOZ,2004,,72.0520001612374,28.5978286726962,8.20470494788577
MOZ,2005,6.42755278070086,72.0092609780982,25.3698573633999,6.31202378023193
MOZ,2006,13.2450879070999,67.3498976872689,23.9349486697295,9.91067756782915
MOZ,2007,8.48948675497456,66.1203821840516,22.3504915090903,7.64935393795867
MOZ,2008,14.5028053002268,64.981416499828,22.0302459322751,6.87802942560995
MOZ,2009,3.78861330914625,67.898572768141,19.7560524022268,5.92897187460815
MOZ,2010,12.4255421735156,73.8373532681892,23.195521262122,6.67972935662864
MOZ,2011,11.1666056127874,84.4062119333019,29.4060839527514,7.13405842300445
MOZ,2012,2.6024545695662,105.934588060511,50.5904295928331,7.9945031610722
MOZ,2013,4.26135250941966,109.38537659913,56.3958108944659,6.57141389665537
MOZ,2014,2.55974875844295,116.356855242217,53.6431747577994,7.70256844839309
MOZ,2015,3.55075967356746,98.7612036510901,42.245787501845,7.3930936986377
MOZ,2016,17.4180418197597,110.394358201481,46.2803958702032,4.69699024225795
MOZ,2017,15.1132073899384,105.745640702087,32.2043068430655,2.63820737310658
MOZ,2018,3.91133439990731,124.607457525372,45.9807658182121,3.48493202422782
MOZ,2019,2.80270307928108,105.591171401921,40.8461199313593,2.31781394821475
MOZ,2020,3.48393567493207,99.906146051979,44.8266764679686,-1.21952250011192
MOZ,2021,6.40847652975689,112.078964458333,40.369313777893,2.37743572761507
MOZ,2022,10.2794018093421,135.279578416991,43.2043468044561,4.36445074432608
MOZ,2023,7.12697482131851,105.627503637428,19.8824088883357,5.4368591229252
MRT,2000,,58.9403747670668,11.2958011224599,-3.91802585208993
MRT,2001,,60.7012124604715,12.5085469242344,-0.799493830035985
MRT,2002,,56.7855296001806,9.54380012885794,1.38148396045266
MRT,2003,,55.3180243332438,21.4753295588021,6.92826957568474
MRT,2004,,75.2188046787959,35.2538232287992,4.73275787510946
MRT,2005,,88.2350995596491,48.9053401235726,8.56628732009419
MRT,2006,,82.7885012130323,26.0006567885753,18.3331986932345
MRT,2007,,86.0640556779132,28.1438609348401,-1.96942274988409
MRT,2008,,94.1202110004251,33.0199276284352,-0.331079223430805
MRT,2009,,82.0086176018151,26.4330171849138,0.0978759143320076
MRT,2010,,93.4207451334608,32.2510831347375,2.62022948104543
MRT,2011,5.68631959575957,98.485329604158,38.6535658062962,4.17278327815399
MRT,2012,4.90242727217992,110.788122743421,49.1668225188386,4.47001319170479
MRT,2013,4.12910173783396,102.398824183169,47.5574424488877,4.1508131898954
MRT,2014,3.53436856147326,91.610371363604,41.7967195897633,4.27482328814457
MRT,2015,3.25472688117632,77.3467864944966,38.4614769908791,5.37633924099251
MRT,2016,1.4717104565,73.1532616736712,31.2776418660843,1.26090923067225
MRT,2017,2.2542765193481,78.8149801833884,37.8988023757749,6.27054566937677
MRT,2018,3.06735996058356,89.1467294935148,46.449713018719,4.77217365692621
MRT,2019,2.30009262117939,93.4866941351317,40.5222920920855,3.14100489306969
MRT,2020,2.38569488456317,86.7761681322741,38.6593231676652,-0.360657384151068
MRT,2021,3.5651648465019,88.3068737571235,40.6159856690742,0.742715395138262
MRT,2022,9.52526628622842,102.025899125696,49.0681215273204,6.79600510182286
MRT,2023,4.95305034506869,91.4705715873539,42.399632595093,6.50718719858594
MUS,2000,,120.687648773646,25.6366228937284,8.20279174865273
MUS,2001,5.38934426229508,128.05457898019,20.4553975656282,3.34754072731407
MUS,2002,6.4193337222115,118.230470380251,21.7589512568517,1.61491865862433
MUS,2003,3.92105357558187,108.655579313428,23.3646604962179,5.92544548947731
MUS,2004,4.71037060105884,107.027698267505,24.0688056418522,4.33001985464357
MUS,2005,4.93717004981794,121.608743996836,22.3668917324186,1.77754302034454
MUS,2006,8.91350105650142,127.062861757975,25.5732041100193,4.8655446077553
MUS,2007,8.82729272393294,120.876451250142,25.9851652162328,5.72701615981669
MUS,2008,9.73228317146887,115.489315893532,25.3459933721249,5.38696254207251
MUS,2009,2.51609128145112,104.42972895159,23.7657494618791,3.31507699790781
MUS,2010,2.93236301369857,113.457073552476,27.1050828524762,4.37720322344293
MUS,2011,6.5224925486934,117.538946368786,23.9463839079139,4.07753806610333
MUS,2012,3.85216033315982,119.500119779606,24.3805683257093,3.49611836470866
MUS,2013,3.54329573934838,113.308833075877,21.527459454017,3.36040609974133
MUS,2014,3.21769191994685,110.589707531641,19.0687671568199,3.82696982009337
MUS,2015,1.28654970760231,107.145979436304,17.4924454073778,3.69055690369433
MUS,2016,0.977675134719007,100.016978687279,17.2729100576382,3.8624682634
MUS,2017,3.66699702675919,99.7018151211455,17.6679827687206,3.93798380632353
MUS,2018,3.21605383144576,96.6339164118573,18.8728259543603,4.00674057198549
MUS,2019,0.405655190309536,95.8457981519523,19.4359392940552,2.89128499346516
MUS,2020,2.58080077182826,83.2396173536449,18.2149110886351,-14.5465381490166
MUS,2021,4.02852888157382,92.2590939564376,19.7931525646033,3.40379866177662
MUS,2022,10.7737512242899,112.584757873474,20.4563905726976,8.69306675264066
MUS,2023,7.05298238454734,105.103380425553,19.8822851162893,5.00781381755621
MWI,2000,,,,1.57607762616895
MWI,2001,,,,-4.97496361892476
MWI,2002,,,,1.70000003078317
MWI,2003,,,,5.70563940467414
MWI,2004,,,,5.42049754993828
MWI,2005,,,,3.26872602317066
MWI,2006,,,,4.69999976404691
MWI,2007,,,,9.59999987683469
MWI,2008,,,,7.63973639944591
MWI,2009,,,,8.3281098524038
MWI,2010,,,,6.87406585416142
MWI,2011,7.6228226284852,,,4.93266999813729
MWI,2012,21.271265001378,,,1.90000000072909
MWI,2013,27.2833333333333,,,5.41034999817167
MWI,2014,23.7920649469687,,,5.62527000105139
MWI,2015,21.8673475542553,,,2.80000000003355
MWI,2016,21.7111132136499,,,2.49999999914311
MWI,2017,11.5433939188771,,,4.00000000089172
MWI,2018,12.420178108921,,,4.35356471619211
MWI,2019,9.3708360560567,,,5.71682519194337
MWI,2020,8.62551469650552,,,0.793596429787286
MWI,2021,9.33014410835212,,,4.55829212016083
MWI,2022,20.953969729969,,,0.921115069005936
MWI,2023,28.7897428247298,,,1.89245798756383
NAM,2000,,85.1322442947268,17.0414659698036,3.49218336365178
NAM,2001,,88.5841018380245,22.2525424516009,1.17794869467917
NAM,2002,,94.4152228948906,18.5884486772501,4.7886612188211
NAM,2003,,95.9524743817213,19.3882824399724,4.23979429582137
NAM,2004,,81.8622605916543,19.0604614572453,12.2695481036769
NAM,2005,,80.6803802939816,19.669813393528,2.52926265819022
NAM,2006,4.96116689298915,86.8339693259998,22.2120214706566,7.07317531845825
NAM,2007,6.54788141101718,104.979303758915,24.0613337128992,5.37404415167634
NAM,2008,9.09464307192809,119.644498184785,27.4739234636227,2.64981203780268
NAM,2009,9.45172651521704,123.762844292976,26.1159251664954,0.295970914001089
NAM,2010,4.87491987643953,108.072477173606,23.7799989593426,6.03924947955858
NAM,2011,5.00559518081197,102.189147754138,22.0540088688971,5.09133813864338
NAM,2012,6.72199777334885,100.2134087743,26.7226689596707,5.0616820696264
NAM,2013,5.60092502290405,97.7249042303832,29.3954197576571,5.61471962254485
NAM,2014,5.35016966859598,103.080137009254,34.7765509650404,6.09251915977956
NAM,2015,3.39401538410559,97.2390317873478,30.5564396891943,4.26417453763675
NAM,2016,6.72858234593342,93.966187960162,22.0299428254904,0.0337944502063294
NAM,2017,6.14579981111163,81.2196661011436,17.7664956160323,-1.02724808856709
NAM,2018,4.2915910533787,81.7138652963804,14.9163471003735,1.05993949860752
NAM,2019,3.72239414422697,82.9011507426355,15.3291127102813,-0.839152163419357
NAM,2020,2.20938236933471,76.9252424036465,13.9292034235476,-8.10140201443319
NAM,2021,3.61690530108811,83.5443030923624,17.5126568387859,3.60382919248703
NAM,2022,6.08128114112416,99.2625547753262,19.9742056437663,5.39872476224093
NAM,2023,5.87993463284272,110.770713961698,28.0124983317695,4.44280603819576
NER,2000,,34.7127807043604,13.1422096449305,-1.20847774100575
NER,2001,,33.0136670843015,13.7924282479468,7.26813490213235
NER,2002,,30.8343857497549,14.6260219197075,4.91847057594622
NER,2003,,33.3827931416238,13.930300225432,2.1706103837418
NER,2004,,36.9641044464896,12.4971525069023,0.363801578722132
NER,2005,,38.3477418070736,19.3354300345284,7.33186884258517
NER,2006,,36.5313731842429,19.8084879016599,5.93104997350342
NER,2007,,35.5028028471007,18.9137733233404,3.14272408386731
NER,2008,,39.7112440540383,26.4435525343116,7.73141422777337
NER,2009,,49.5122567031625,28.4722719649335,1.96260090694645
NER,2010,,51.9459863027627,32.6404605165102,8.57816674262253
NER,2011,2.94238514013314,50.2463951569345,31.613128828242,2.35775693603874
NER,2012,0.455089820359304,45.08596447308,29.3142436915252,10.5489445763446
NER,2013,2.29723114955315,46.2951491493291,29.7124814690798,5.31513063394726
NER,2014,-0.930287259984459,45.7416008365932,31.1100819925506,6.64213665495603
NER,2015,-0.576090369833122,44.727430371186,32.3568228692158,4.39264883207291
NER,2016,1.65388922387806,36.4881092245519,27.5210696310413,5.74089315058157
NER,2017,2.79637318871282,39.0711117370149,26.0152521380461,5.00536078615544
NER,2018,2.9676036600445,37.5388483992356,28.9187722247215,7.21141802762897
NER,2019,-2.48979265070854,37.1025664250801,30.6723209374769,5.93985257123522
NER,2020,2.89819376026277,35.5129906570841,28.4897323087862,3.55064109436891
NER,2021,3.83786802840501,37.0158935503713,27.5604161245789,1.38359636198477
NER,2022,4.22621791916397,52.8061484329409,29.6208107643846,11.9000000000277
NER,2023,3.70097316425831,46.4755580630668,21.6844069972649,1.66763406484279
NGA,2000,,,,5.01593475931159
NGA,2001,,,,5.91768464920368
NGA,2002,,,,15.3291557409559
NGA,2003,,,,7.34719496799485
NGA,2004,,,,9.25055822917993
NGA,2005,,,,6.43851652538319
NGA,2006,8.22522152017049,,,6.05942803202912
NGA,2007,5.38800796858628,,,6.59113036068734
NGA,2008,11.5810751748252,,,6.7644727778017
NGA,2009,12.5378277304689,,,8.03692510099067
NGA,2010,13.7400521363694,,,8.00565591628646
NGA,2011,10.8261371880017,,,5.30792420289512
NGA,2012,12.2242413020584,,,4.23006117493168
NGA,2013,8.49551838265672,,,6.67133539306172
NGA,2014,8.04741087967908,,,6.30971865525467
NGA,2015,9.00943498007703,,,2.65269329543003
NGA,2016,15.6968126387972,,,-1.61686894906529
NGA,2017,16.5022662139641,,,0.80588661910221
NGA,2018,12.0951065173432,,,1.92275734200651
NGA,2019,11.3964223378115,,,2.20842927714881
NGA,2020,13.2460234276598,,,-1.79425308274458
NGA,2021,16.9528457221608,,,3.64718654072446
NGA,2022,18.8471877843274,,,3.25168140827093
NGA,2023,24.6595502031139,,,2.86021499108364
RWA,2000,,27.4848638250445,12.2911723538114,8.37089593548548
RWA,2001,,29.1989094376925,12.7844289211049,8.4845603416011
RWA,2002,,27.6094381162173,12.6161021461481,13.1920736254262
RWA,2003,,29.3106242354101,13.1689898461308,2.20238751139603
RWA,2004,,33.4616731030871,14.3572006203523,7.44766737034072
RWA,2005,9.01408918092339,34.2165383418652,15.1471395794747,9.3778991673686
RWA,2006,8.88282654777923,33.2214370724059,15.0250898905664,9.22707576798881
RWA,2007,9.08072205873159,35.9709731972278,16.7899322992344,7.63329819125276
RWA,2008,15.4382138709255,37.6045108548055,21.3446999189279,11.1612473247323
RWA,2009,12.9443978401711,36.8056280084816,21.0151940236714,6.24825750620508
RWA,2010,-0.246128693436924,37.2788790923351,20.5325011611394,7.33465645006753
RWA,2011,3.08017069240263,39.71610247751,20.9013969880418,7.95838869847094
RWA,2012,10.2710182318876,40.5408629987193,23.3041445547138,8.64150815836322
RWA,2013,5.92426867984847,42.6934924295362,24.4311537415127,4.71984856978263
RWA,2014,2.35449052820362,43.902733691075,23.2290320311828,6.16716615166932
RWA,2015,2.52850284192419,45.2019756159103,24.240978094561,8.8568555974538
RWA,2016,7.17434301982013,49.4849071069892,25.8958453602119,5.97074525431094
RWA,2017,8.27953672260832,53.6752674177253,23.8350248025789,3.91817093628465
RWA,2018,-0.311210160390699,55.7841263739603,22.3221933243073,8.51646722592409
RWA,2019,3.34787655037643,57.9756628637954,27.0287152007204,9.44738518613097
RWA,2020,9.85039902274208,55.1879515519855,23.7346563348968,-3.37368746369782
RWA,2021,-0.391346748300811,54.2938318463367,26.7349156072212,10.8584320184896
RWA,2022,17.6892095588153,61.1450795033651,25.7418263768417,8.16120720872912
RWA,2023,19.789546746467,64.9069041420041,23.5855215423605,8.24990302014558
SDN,2000,7.12125897172302,29.4042344599492,24.8880308630392,6.34586743997545
SDN,2001,1.93529572095322,20.2933456223411,20.5310077647122,6.50036053396883
SDN,2002,22.2247241495905,25.6255617213052,21.5663517910828,6.0064715363132
SDN,2003,6.48943208673347,26.4402280670553,22.074814442888,6.28880816146516
SDN,2004,9.65754628605947,30.4323376195052,23.6117319230397,5.14088851762675
SDN,2005,8.50585075933106,35.8715914021946,21.2067763046123,5.64351551343631
SDN,2006,7.1991299011471,36.2025936172703,22.8891769937744,6.5314117467792
SDN,2007,14.7542770780085,34.4033361615632,21.3061261282548,5.73527423664484
SDN,2008,14.2971224481435,36.7410978273835,20.668907969621,3.84674473121058
SDN,2009,11.2567587063008,32.7808783344833,22.325908295006,-2.76770436599138
SDN,2010,12.9776663898014,32.728309950035,20.3985392323003,3.85824195230107
SDN,2011,18.0966171221351,27.512339023518,23.2624340175259,-3.21353209253371
SDN,2012,35.5590574147027,21.8561745247301,19.7241316199789,-17.0046884048945
SDN,2013,36.5223449139153,26.8585245020134,17.1950466966314,1.95514463302422
SDN,2014,36.9066427863594,20.8451090041313,15.0415341466529,4.66137954229873
SDN,2015,16.9095706050979,18.3782728546541,12.8081335322639,1.91017689052751
SDN,2016,17.7502538311959,15.2816698903461,9.3059152625505,3.46764218409288
SDN,2017,32.3516260968437,17.8313898297102,10.7686344431485,0.70925628476644
SDN,2018,63.2925073455883,21.8679187274323,9.9893502376745,-2.6809305497999
SDN,2019,50.9940515002971,26.1196204552625,14.3050078362201,-2.17825104530091
SDN,2020,163.257782355457,9.95514507626151,5.78653523341068,-3.62980082410752
SDN,2021,359.093040779,4.12754863828426,3.46580920270714,-1.8685204827207
SDN,2022,138.808460241759,2.69883443585856,2.17826429341476,-0.957816591119183
SDN,2023,,2.47372878267665,2.17279846218936,-29.4332718325149
SEN,2000,,48.680089723263,22.3732272873417,3.88721095816793
SEN,2001,2.97450083919567,49.7205780648314,25.5702135059709,4.31085146618369
SEN,2002,2.33730187454299,53.1442994641329,23.1150021289388,0.0686965747419066
SEN,2003,-0.0519970242714473,50.8212198933376,23.9262712508604,5.59395094456143
SEN,2004,0.514781781023022,53.6592031275529,23.6336696840746,4.64329393683312
SEN,2005,1.71133325855502,54.9032435689485,24.5728792485602,4.31023852639633
SEN,2006,2.11228583877117,54.1362378092613,22.4168252607608,2.33077098330239
SEN,2007,5.85330428467681,59.2713043549794,24.6184148818474,2.82711920133374
SEN,2008,7.3472023657841,62.7617698176319,26.2267083321653,3.70316906391386
SEN,2009,-2.24802147855343,52.3072908773365,20.3974883741685,2.75210448455053
SEN,2010,1.22868119673345,52.4578551962948,20.0869466642817,3.39088925336209
SEN,2011,3.40322829786969,57.5768785989578,21.0003400122128,1.33409107961258
SEN,2012,1.41822871177852,61.9753040040375,24.6240972538796,4.00299555090457
SEN,2013,0.710245486695197,60.6267663596737,24.0663485140699,2.41238527605579
SEN,2014,-1.09025507446892,58.4425289760992,25.8807867671935,6.22407443790986
SEN,2015,0.13521193363519,58.1103376742017,25.8333087504104,6.36704365066983
SEN,2016,0.837284942557429,54.1081692072139,25.3616730282266,6.35606857181878
SEN,2017,1.31815314847783,57.7052798455617,29.8155743419591,7.4074861863013
SEN,2018,0.460985642464248,61.7898394793183,32.6479409412239,6.20924103389086
SEN,2019,1.7601115119294,64.2362506061005,31.9656603434826,4.61362809749708
SEN,2020,2.5431468568166,60.0468716137065,35.632965093467,1.3420737726679
SEN,2021,2.18032278088143,69.3759939883832,38.3530133013182,6.54400109964304
SEN,2022,9.69681899081074,79.5998216515832,45.3064643568889,3.85043193735768
SEN,2023,5.93947798773216,71.3942870327216,41.9268791059851,4.2574308328029
SLE,2000,,57.5299628959222,1.09681037230364,6.65272983472759
SLE,2001,,35.9381603400143,10.9930815982593,-6.34545560352728
SLE,2002,,38.9169120522077,11.8061520281253,26.5241350273374
SLE,2003,,46.4464372960676,11.3298828300381,9.48363143113649
SLE,2004,,46.1719994018227,10.4298354276831,6.47884594895865
SLE,2005,,47.5479834547988,11.4096085643829,4.35349989393626
SLE,2006,,22.0888664739674,10.5468598425727,4.28311049997396
SLE,2007,,21.8067992689239,10.1591673004271,3.74975804751641
SLE,2008,8.21112432289608,21.2566155636984,10.3794057886037,3.68605969932123
SLE,2009,7.46901898540983,23.0753395976546,11.2088615902087,1.53080323958716
SLE,2010,7.18566275668162,27.9541259241389,34.433555789299,6.35566595800495
SLE,2011,6.79138291952617,43.7807969332619,46.5454157294241,8.10065518714917
SLE,2012,6.58776239392586,53.3813447139398,29.4098051807138,10.578331663387
SLE,2013,5.52412877994273,53.3627646114117,17.6517899195356,14.6633238075229
SLE,2014,4.63931171409662,51.1187772788807,15.982290990834,-7.81501512457241
SLE,2015,6.68943562498678,36.4823958242319,18.0613249475414,-4.36333262093788
SLE,2016,10.8860609413904,43.0672126969961,17.6618966541204,6.43743652764257
SLE,2017,18.2215094003386,41.5213782343591,19.1399846347627,3.20786087715987
SLE,2018,16.0295447693698,37.3774603119412,15.6172570458345,2.8938564123677
SLE,2019,14.8049990906021,37.5469541133796,16.0195395367507,5.50270937378153
SLE,2020,13.4468711101052,30.5875766269584,15.3284196173828,-1.2533490322766
SLE,2021,11.8739588840234,42.1056362726289,14.0868779884067,5.8968527047094
SLE,2022,27.2082883814653,45.0330918170265,14.8698936281175,5.3135546141915
SLE,2023,47.6428733253179,55.8696881550025,19.7175941763597,5.7100218981806
SOM,2000,,,,7.11031431136975
SOM,2001,,,,7.1103143114013
SOM,2002,,,,7.63026729322773
SOM,2003,,,,7.63026729340328
SOM,2004,,,,7.11031431133264
SOM,2005,,,,7.1103143112443
SOM,2006,,,,6.48637073270012
SOM,2007,,,,6.69435192560807
SOM,2008,,,,6.69435192569863
SOM,2009,,,,6.69435192561865
SOM,2010,,,,6.69435192556303
SOM,2011,,,,6.69435192563444
SOM,2012,,88.5736460782288,15.7360330751388,6.6943519255431
SOM,2013,,83.3409991258378,14.3695600150118,10.9592986164743
SOM,2014,,81.7010414559322,13.4104063533751,8.97800590573239
SOM,2015,,76.4793322385239,13.1480812127699,10.4621881235165
SOM,2016,,74.3615625516249,12.8456368959279,7.03487260042056
SOM,2017,,68.6756490932841,13.8251070470324,14.7357956045283
SOM,2018,,73.8208379982079,16.1102546826237,2.05431507259436
SOM,2019,,70.3106083602255,16.0795381553317,2.8243133654528
SOM,2020,,75.6877839830262,16.0020142196059,-2.75248103928239
SOM,2021,,79.0932313826745,17.9813714604872,3.45822792939046
SOM,2022,,90.759891164324,23.6461266454199,2.72711429582147
SOM,2023,,92.686154350506,22.378420344893,4.21638432610854
SSD,2008,,97.2662973183488,13.7699875260258,
SSD,2009,5.00627361534046,94.8357640879963,13.6521309804579,5.04164187983342
SSD,2010,1.16962180301109,90.9434483661131,10.2896550768433,5.49341639529945
SSD,2011,46.8521757193597,93.226859754919,9.48877706805626,-4.64031673600859
SSD,2012,45.5258978371706,71.6198113947489,7.0742528372385,-46.0821223743007
SSD,2013,-0.0580909784225861,50.8112465907463,11.3677738263753,13.1297311406943
SSD,2014,1.67429906295521,64.6345178070809,7.9945088302124,3.37364847715736
SSD,2015,52.7663304192143,65.5513491845003,5.75075637151052,-10.7933646271143
SSD,2016,379.999585624026,,,
SSD,2017,187.851630279442,,,
SSD,2018,83.5015294922,,,
SSD,2019,87.2413641500032,,,
SSD,2020,29.6758435538571,,,
SSD,2021,10.5167158294359,,,
SSD,2022,-6.68732094212666,,,
SSD,2023,2.38280434813755,,,
STP,2000,,,,0.448368261692949
STP,2001,,,,3.06448295788719
STP,2002,,,,3.360188168222
STP,2003,,,,8.29151946119818
STP,2004,,,,3.5379059435684
STP,2005,,,,6.61462475033599
STP,2006,,,,8.86610935944026
STP,2007,,,,3.64147185166024
STP,2008,,,,6.2287850696102
STP,2009,,,,3.30239966645061
STP,2010,,,,1.44845522890635
STP,2011,14.3271667616801,,,1.99943210333259
STP,2012,10.6379353431628,,,2.94294277416023
STP,2013,8.10583270875473,,,5.11967735428513
STP,2014,6.9984994396642,,,4.90621048664867
STP,2015,5.24587835022454,,,1.5397042826735
STP,2016,5.43051966119157,,,5.17682468684113
STP,2017,5.69029619929019,,,4.11297966281954
STP,2018,7.86859628873909,,,4.37812808264972
STP,2019,7.72024525213249,,,2.01431672129407
STP,2020,9.81932791540148,,,2.62485949543812
STP,2021,8.13777038378729,,,1.89929891337832
STP,2022,18.0056351122841,,,0.168698492216564
STP,2023,21.2589138473,,,0.372252775001456
SWZ,2000,,,,1.76017364057921
SWZ,2001,,,,1.05476508664167
SWZ,2002,,,,4.38009888463844
SWZ,2003,,,,3.88021377449365
SWZ,2004,,,,3.62391409958479
SWZ,2005,,,,5.99877647366422
SWZ,2006,,,,5.99216693694477
SWZ,2007,8.0760882786158,,,4.4353755089454
SWZ,2008,12.6574601863917,,,0.821663935465921
SWZ,2009,7.44823423445757,,,1.56504884082229
SWZ,2010,4.50923691774372,,,3.79375507745696
SWZ,2011,6.10742714590245,,,2.2472296183598
SWZ,2012,8.9396468278821,,,5.39663077036178
SWZ,2013,5.6213062346895,85.178074262072,16.1475684331047,3.86121380492284
SWZ,2014,5.68134885776449,91.5997199256524,19.6355786332268,1.43589749286821
SWZ,2015,4.95124493704916,88.2380778212486,17.2313886417592,2.04693015099366
SWZ,2016,7.84727459085682,89.3135033741698,17.3775053792354,4.67584583731528
SWZ,2017,6.22137528933116,86.8600357143891,17.7061749360274,1.45679297569019
SWZ,2018,4.81506167461506,85.4753716503961,19.8749610874635,0.256586001893197
SWZ,2019,2.59801620311074,86.6412229625686,16.2313994688745,6.0831764512818
SWZ,2020,,84.3006119726657,14.9844217251302,-2.86288213677992
SWZ,2021,,90.3327981678426,19.6705186750535,3.43496891197057
SWZ,2022,,92.6789042197449,22.4801036600557,1.1195906677553
SWZ,2023,,100.093236371966,19.1936231330313,3.44447831200682
SYC,2000,,151.302447835167,24.9183939465335,4.25319834931828
SYC,2001,,179.884914877473,40.395100282651,-2.27116288552982
SYC,2002,,156.9298895573,27.588134558915,1.21283290259314
SYC,2003,,168.844235034216,10.9629831806923,-5.88712848764477
SYC,2004,,149.54093675029,17.4160642655973,-2.8504539768538
SYC,2005,,171.101735954764,23.8691409523337,9.0057617374238
SYC,2006,,177.56693551462,30.3222238580205,9.40612855732827
SYC,2007,,174.928462798259,29.2244294345938,8.87606645570879
SYC,2008,36.9647582875289,208.842968505327,27.643033995501,-2.72594626154864
SYC,2009,31.7544407744178,221.933825358009,28.0272254229443,-2.47937594726137
SYC,2010,-2.40463875108223,198.162692424328,37.0314238165867,4.50513204312067
SYC,2011,2.55926772230949,210.075382747992,34.816249355555,9.5097833517957
SYC,2012,7.11037062326405,222.178254853141,37.7299203495349,3.1106784939243
SYC,2013,4.33893848329103,196.517733268793,38.5669057079413,1.25373496242949
SYC,2014,1.3858345458126,213.354469426486,29.0548988749451,4.0636918123521
SYC,2015,4.0419441072562,187.475012467679,26.8795153716518,8.9140088750469
SYC,2016,-1.01548191697632,180.866188390939,25.1347394249892,12.1175272453913
SYC,2017,2.85679575568443,197.442236417869,24.5351766928824,6.95416218794271
SYC,2018,3.70291839111562,185.7075372109,21.9869866164983,4.93947272254312
SYC,2019,1.80709400809983,173.407846880196,22.0855945287218,5.5142920737342
SYC,2020,1.20266463987124,153.48333156592,21.3213198960022,-11.7398608281732
SYC,2021,9.76909936973547,183.77081501466,16.4677161262206,0.552281631207279
SYC,2022,2.62603632851287,189.826835436591,18.0729742622698,12.7104688902836
SYC,2023,-1.03530088431951,180.82726250166,20.5743415497622,2.25925322283285
TCD,2000,,51.5711720135652,23.2739022193722,-0.879681025444938
TCD,2001,,64.3219080406854,40.2503769127795,11.6581346542938
TCD,2002,,126.350807849912,60.1561730301281,8.49120981898062
TCD,2003,,83.3789149599315,52.1217743230429,14.7216670121033
TCD,2004,,101.768590921564,24.2838719183309,33.629371852466
TCD,2005,,77.577493649797,19.1098438642877,17.3325337350837
TCD,2006,,77.0815766029615,17.7039292404167,-0.5215222648348
TCD,2007,,75.1059962731949,18.3692276250245,4.35621211380455
TCD,2008,,69.0677746090641,18.5468847123789,3.10836221643889
TCD,2009,,64.8597511917067,19.7181814380475,-1.33848436646112
TCD,2010,,63.7311691270791,21.8544482247032,13.7943889290963
TCD,2011,2.02924053678259,57.5437561870898,24.9696238126319,4.55359039963335
TCD,2012,7.51662364663832,54.3851887421013,24.9268683598444,9.05268025089401
TCD,2013,0.222671564624585,51.5308164549816,23.9026222562092,2.80735188711816
TCD,2014,1.68197313925665,40.8116269859319,29.4795971629017,2.06298097115769
TCD,2015,4.37712665065658,48.5114982079885,22.8922387955511,3.31088567417588
TCD,2016,-0.792440525236024,43.9580149331537,18.3585890168831,-4.12992837205852
TCD,2017,-1.5370996298085,43.2900613852468,18.5366518857505,-1.62799367083434
TCD,2018,4.27462198610548,46.7384317860183,21.9262549263931,5.74111580758154
TCD,2019,-0.971939175419342,46.6777247152768,24.2909930911624,5.38865646919793
TCD,2020,4.46414437232861,40.6428170621932,22.7874455493419,-0.408894363255357
TCD,2021,-0.772844370359154,43.9465041015895,19.9485528388339,0.29397916326441
TCD,2022,5.78802687843618,47.9883784319429,17.971522488907,12.8966164300082
TCD,2023,10.8363568399842,46.9484531153786,18.4199558929884,4.11745179201004
TGO,2000,1.86260595463068,48.8080041114183,29.4974703074911,-0.783479610048047
TGO,2001,3.91959133653147,51.3941520650307,29.3205669194724,0.823438752111855
TGO,2002,3.05981857535883,51.609565282441,30.669067157494,3.82662257675142
TGO,2003,-0.930000884072213,55.389978417259,32.0951600439821,6.72017142336034
TGO,2004,0.393078681031663,57.8710938708872,35.5641648807502,-0.978665332738743
TGO,2005,6.78292893028314,61.4542800128481,25.1114080668295,-4.66629938413338
TGO,2006,2.22897779414027,61.6128604620733,19.0238222894344,2.65013209943473
TGO,2007,0.945673271705219,60.9274783294209,18.7842497871728,-1.17512039224768
TGO,2008,8.69482814363902,61.4424800630784,17.0862606681714,4.03564527607485
TGO,2009,3.71360592035808,61.333407315669,14.4915447299931,5.45382399262667
TGO,2010,1.44594517430866,65.8567920612471,15.8404159789553,5.85435269410561
TGO,2011,3.56351472903955,76.6552742619342,19.9043687048786,5.82325223658786
TGO,2012,2.57718174055851,74.611097701708,17.6962459854047,6.30269542069151
TGO,2013,1.82539475909158,80.9905886455063,22.1146901573848,5.8242658324455
TGO,2014,0.190875076249796,69.9237466833915,22.376827509449,5.6332402182029
TGO,2015,2.58500390801596,68.2000884209784,25.1850305559403,5.46803129272737
TGO,2016,1.28544847051411,65.5287522131519,20.1572623345869,4.21489560925825
TGO,2017,-0.981889868943067,57.6019844158645,16.8362587290032,4.00813326162304
TGO,2018,0.92775542645718,57.3558037086364,19.1358467370146,4.7950602703237
TGO,2019,0.674652770077458,56.1423934002099,18.6014498059603,4.92292591685973
TGO,2020,1.69928463299407,55.5485385608639,21.3309073834957,1.99215501870344
TGO,2021,4.18621506523519,57.5850134996963,19.8641167480539,5.99087610392314
TGO,2022,7.96757361617943,65.4877850146886,21.4192500083402,5.75954251521733
TGO,2023,5.48928568141135,61.4273567726824,22.9544796791665,6.40792215636242
TUN,2000,,82.639110670191,25.8988088362201,4.7099729138049
TUN,2001,,89.5522011944661,26.1793463195827,3.79627166202512
TUN,2002,,85.3421759692656,23.8112895578277,1.32255714828946
TUN,2003,,82.390340709916,23.3233069103163,4.70239953285241
TUN,2004,,86.9253446966283,23.3018782908712,6.23579072222647
TUN,2005,,90.2512478803945,21.6794440065917,3.4865455430439
TUN,2006,3.22525337438916,93.9409304094309,23.449499739926,5.24409983246916
TUN,2007,2.96694432477349,104.059400976647,23.6821787042886,6.70952097453554
TUN,2008,4.34502807623046,114.343660218696,25.52358104832,4.23778147502819
TUN,2009,3.66490330642919,93.0168787876722,24.2886504468516,3.04345012371552
TUN,2010,3.33897963601068,100.151009836799,25.8362686991415,2.97113275066512
TUN,2011,3.24002842009531,100.106379304237,25.0372425723868,-2.04663389535644
TUN,2012,4.6118443220664,101.550723929668,26.0970264685305,4.21667711535632
TUN,2013,5.31623531326692,98.9549566862038,23.8678486722665,2.42993096446429
TUN,2014,4.62555099534026,96.1071038558701,23.8646110150307,3.09032803070775
TUN,2015,4.437371273215,87.2485306596052,21.7389997127019,0.967703108220121
TUN,2016,3.62939937384382,87.0926643641466,20.4751125285847,1.11742594891074
TUN,2017,5.30884839565845,95.8088058699264,21.2946579552305,2.23783867965943
TUN,2018,7.30759176031653,103.871735753703,22.964008655978,2.62493010870395
TUN,2019,6.72007532863797,102.332045478018,19.8025035516995,1.58784665466504
TUN,2020,5.63415115897626,84.3382668589088,12.7018688374514,-9.01193412390238
TUN,2021,5.70635020830701,93.638963515036,15.8630608934156,4.7363207484732
TUN,2022,8.30646124447624,115.827616610395,17.1430005089496,2.67331821840567
TUN,2023,9.32899597507864,112.914872312811,7.77191516421886,0.0391565674939329
TZA,2000,,23.9891151549808,17.462796824131,4.52078463603256
TZA,2001,,28.0301432282533,18.3167930926191,6.07080828734129
TZA,2002,,27.4992172734904,18.0880950947047,7.09319498355502
TZA,2003,,30.4488358249326,20.6843865054193,6.67278983053497
TZA,2004,,33.609786736665,24.4935805724156,7.50381465859829
TZA,2005,,36.9592732894013,27.3958979170045,7.47631925974784
TZA,2006,,42.7681664691467,30.3239644518197,6.53222138847813
TZA,2007,,48.0583947796554,32.6512173460431,6.76853520293716
TZA,2008,,49.0265445510865,37.4895216967723,5.68641685905224
TZA,2009,,43.5326006456317,34.3556768729289,5.26910524873463
TZA,2010,,47.6404394295683,32.0172443063631,6.33652342666889
TZA,2011,12.6909694699163,56.1661241821809,34.7360333035223,7.67215543486064
TZA,2012,16.0010938506338,54.3689490815138,34.8451015083251,4.50015356010131
TZA,2013,7.87072364573955,48.6316275295495,37.470607348423,6.78158560065316
TZA,2014,6.13161432988011,45.3560223433065,37.6539665632561,6.73246186832483
TZA,2015,5.58816952959303,40.7576808778314,32.7586922845607,6.16062877406682
TZA,2016,5.17476629301494,35.4204704002636,32.1747860509655,6.86711619644551
TZA,2017,5.31871605228926,33.1125919853124,32.354141404315,6.76227716834148
TZA,2018,3.49445848856184,32.6426099043737,38.3765744836496,5.46808181528009
TZA,2019,3.46428057999023,33.0185892502311,39.7264057276571,5.79999999996723
TZA,2020,3.29029062798325,27.9630151969884,38.7464874924603,1.99196460647855
TZA,2021,3.69091958802198,29.9151840074048,39.6866788606001,4.32138429480482
TZA,2022,4.35027204269098,35.0034517101994,41.0677624080732,4.56600576430955
TZA,2023,3.7992329138492,38.212034806339,41.0023887360591,5.06952353203394
UGA,2000,,32.7490333383822,19.483821715744,3.141907338187
UGA,2001,,35.3299767819725,19.3020594186146,5.18366112490236
UGA,2002,,36.2777941561831,20.2174228036338,8.73268576440127
UGA,2003,,36.5857264641268,20.9841415782684,6.47325867166543
UGA,2004,,35.4600862456436,20.1456899167115,6.80723334361883
UGA,2005,,38.9942854839061,22.355145856388,6.33256511623156
UGA,2006,,43.6332857896204,21.130370024996,10.7847443857453
UGA,2007,,46.7774166522822,22.0830552692819,8.41242596551071
UGA,2008,,56.2582682050634,22.9777738426393,8.70875190154499
UGA,2009,,47.0638780748379,26.6160387564841,6.80151734860395
UGA,2010,,38.2692490371291,27.1039553534011,5.63761163749757
UGA,2011,16.5643496174515,39.7552255606122,26.7549805283512,9.3916554927176
UGA,2012,12.6790377224659,43.5021371397314,26.1771756452378,3.83745560605229
UGA,2013,4.90520875694553,43.1091548734687,31.9739798099079,3.58690582623025
UGA,2014,3.07570668958643,36.0144010819085,26.853454663727,5.10630732539796
UGA,2015,5.58968606251723,37.6892983324358,23.8597944507535,5.18785986002466
UGA,2016,5.70637504616216,31.2093620232119,25.4152882648293,4.78100029254482
UGA,2017,5.20971705914208,36.8370529334101,24.6140426859449,3.13140551723596
UGA,2018,2.61601190952271,36.6384055999567,24.3285989781833,6.30392378262997
UGA,2019,2.86758803446903,39.3610539647435,25.5294607796946,6.43874503276439
UGA,2020,3.31332289544504,37.0006923916369,24.2159505553913,2.95130642218098
UGA,2021,2.20457204757409,41.7136307424781,24.0863683469285,3.53658034070898
UGA,2022,7.19578885975811,34.5053019270937,24.201342621546,4.58802192181773
UGA,2023,5.35094804280395,33.3416963302219,22.8160132458418,5.33697295511469
ZAF,2000,5.33895913599827,46.2207217354077,15.0602810875446,4.20000000067826
ZAF,2001,5.70189483049609,49.170945185829,14.5737803066035,2.70000000019104
ZAF,2002,9.494713780996,53.4655016294369,15.036119660525,3.70037440406668
ZAF,2003,5.679424140688,45.723862568979,15.6571145272722,2.94907546754213
ZAF,2004,-0.692039437857689,45.6435752240041,16.9603513170499,4.55455990721774
ZAF,2005,2.06285308223427,47.4277813970329,16.8318153447643,5.27705197295467
ZAF,2006,3.24390765419229,53.7681412741145,18.4902026867601,5.60380645895889
ZAF,2007,6.17781214809388,57.125139137747,19.3259650755187,5.36047405394162
ZAF,2008,9.90998456005467,65.9745237996233,21.2872491181391,3.1910438863288
ZAF,2009,7.23809523809527,49.5875353278801,18.7669441984248,-1.53808913525583
ZAF,2010,4.06749555950264,50.4060871625999,17.5956446037105,3.03973288127956
ZAF,2011,5.00085338795019,54.6363504358971,18.8532376550132,3.16855627858818
ZAF,2012,5.73797139141737,55.5826171933345,18.5845354435045,2.39623238465745
ZAF,2013,5.78016910069177,58.875027630051,19.1687625943111,2.48546800826588
ZAF,2014,6.13282953059149,59.4995740550593,18.4879638168327,1.41382645223793
ZAF,2015,4.5186909489251,56.7266761447156,18.6332066638376,1.32186223678229
ZAF,2016,6.60290842394869,55.8612575048782,16.9604522948246,0.664552307858116
ZAF,2017,5.18618655524146,53.5359318293741,16.6107340612402,1.15794695181735
ZAF,2018,4.50987264867393,54.4855451276341,16.1705829786619,1.55678384721676
ZAF,2019,4.1028507546115,53.8979964081406,15.8207933783179,0.25993557687633
ZAF,2020,3.23238831615119,50.7596590804177,12.3455441478462,-6.1689177146757
ZAF,2021,4.61874544887136,56.0347138372399,12.7964275954655,4.95503259440756
ZAF,2022,7.03987272546481,64.7830021330108,15.415075319943,1.91147996033504
ZAF,2023,6.07524384579656,65.1800955490051,15.5380933764905,0.698485193724835
ZMB,2000,,60.3874689884965,,3.89732294341896
ZMB,2001,,64.668282708979,,5.31686827418419
ZMB,2002,,64.9164969990648,,4.50601428032604
ZMB,2003,,62.3128446757629,,6.94497398221223
ZMB,2004,,70.8130749317722,,7.03239511515218
ZMB,2005,,62.200282191364,,7.23559900655543
ZMB,2006,,57.8568188739027,,7.90369444480079
ZMB,2007,,65.7714586909068,,8.35243624447406
ZMB,2008,,59.4548891205874,,7.77389581542363
ZMB,2009,,56.1213809555165,,9.2203484058663
ZMB,2010,,65.0147025206122,29.8740056918705,10.2982233241213
ZMB,2011,6.42939681072337,72.7954324384283,32.889211245159,5.56925219263019
ZMB,2012,6.575899707577,75.367709855907,31.5179510511994,7.59738104901994
ZMB,2013,6.97767605490313,80.4562410213373,33.8029886804422,5.05753695047252
ZMB,2014,7.80687553566327,76.1934997276313,34.0692641856177,4.69328316376705
ZMB,2015,10.1105928909618,79.8652687573958,42.8051164515408,2.92037511217961
ZMB,2016,17.8697300795268,73.958561254616,38.2062329128451,3.75510031678988
ZMB,2017,6.57731154205644,71.5856946542566,41.0018208583077,3.52586277149926
ZMB,2018,7.49457192728517,74.8883695274665,38.5885582958265,4.03449389667165
ZMB,2019,9.15031644316299,68.791204936096,39.2619086467844,1.44130602603785
ZMB,2020,15.7330604721369,79.2068494095955,32.2448509806584,-2.78505506545167
ZMB,2021,22.0207676245776,86.2085111934645,31.3669178305336,6.23492204726448
ZMB,2022,10.9932039209136,69.2973154193203,26.980508150543,5.21122360356247
ZMB,2023,10.884531691282,78.2418870451485,31.4450686240954,5.36794285493059
ZWE,2000,,74.0674111297806,13.5694238181719,-3.05918974918636
ZWE,2001,,67.8978721688914,10.2664734377554,1.43961539576736
ZWE,2002,,66.8073515648498,4.99999968464784,-8.89402363141315
ZWE,2003,,70.4519882160596,7.99999923178881,-16.9950747276621
ZWE,2004,,76.0396085957308,4.50911485713516,-5.80753802273948
ZWE,2005,,76.0437072796165,1.52517667801544,-5.71108370650366
ZWE,2006,,82.8206487761108,1.57116139147759,-3.46149518781367
ZWE,2007,,84.1729044270467,7.10975335916337,-3.65332683535512
ZWE,2008,,109.521637189895,5.12790625311106,-17.6689463301055
ZWE,2009,,61.7764909650234,12.7472016131117,13.2720785820677
ZWE,2010,3.02267002518891,83.1234047851259,18.7628395343529,19.6754076562536
ZWE,2011,3.4661297281749,89.4659437238642,17.3984690623007,14.193915731251
ZWE,2012,3.72532666110645,74.1627003825153,9.85633778141151,16.665428979757
ZWE,2013,1.63495041543827,58.6560737143829,9.20906247136893,1.98948553969423
ZWE,2014,-0.197784810126641,54.6717592473918,9.63958883391864,2.37698570395052
ZWE,2015,-2.43096842383403,56.7496526604333,10.0359230470755,1.77985354092071
ZWE,2016,-1.54366960054167,51.2190376594477,9.86174106545716,0.755794054371208
ZWE,2017,0.893962316050075,55.028317831061,14.7022431781545,4.7344112255433
ZWE,2018,10.6188658669575,54.55031658746,14.1484443423452,5.00992138188113
ZWE,2019,255.304990757856,55.7959843651922,13.7994019768446,-6.33244975108572
ZWE,2020,557.201817362051,47.3133820116249,13.1460745629256,-7.81693284075131
ZWE,2021,98.5461050920623,50.8471233244119,15.5070582905069,8.46803916934418
ZWE,2022,104.705170628667,64.7636073783674,14.6103390027278,6.1391761744749
ZWE,2023,,50.7949638787374,16.2740398756247,5.33677037339527
